id,domain,status,purchase_price,renewal_price,attractiveness,demand,length,registrar,created_at,expires_at,status_verified_at
eb9ca39d-7be3-453e-a821-e41fd1af88d7,eyeshadow.moe,available,13.99,13.99,high,low,10,namesilo,,,
73c24990-f63e-4088-a6c6-307fa763f612,wandering.moe,available,14.98,17.88,high,low,9,namecheap,,,25/09/2026 21:06
055be2cd-e5d0-43af-9314-4d4ce463016f,proposed.moe,available,13.06,13.06,medium,low,8,dynadot,,,28/09/2026 04:49
9300ad03-6935-49d3-b2a5-88ae0274eaa4,recovered.moe,available,13.99,13.99,high,low,9,namesilo,,,13/08/2026 11:06
f761e816-79b5-434e-b6b8-c4525c27a999,ribs.moe,available,13.06,13.06,medium,low,4,dynadot,,,28/09/2026 00:08
6f308d40-5213-4199-9e7a-bf4b9057b760,fugo.moe,available,14.98,17.88,medium,low,4,namecheap,,,21/09/2026 23:09
d916debc-c4f7-460c-8a4f-b999e8046ffd,soapy.moe,available,13.99,13.99,medium,low,5,namesilo,,,11/08/2026 11:48
0f03671d-b6dc-4a75-996d-0008dd419b22,rattled.moe,available,13.99,13.99,medium,low,7,namesilo,,,18/08/2026 09:33
02a286b2-5ccb-4b9c-8e1d-99e0cb4d86ca,leiden.moe,available,14.98,17.88,high,low,6,namecheap,,,25/09/2026 23:25
431a21f8-46e7-4611-b3f1-cc3ddcecee5c,shogunate.moe,available,13.99,13.99,medium,low,9,namesilo,,,21/09/2026 05:18
a2b322c9-8d60-4910-bb9e-f8bc94748137,debater.moe,available,13.99,13.99,medium,low,7,namesilo,,,20/09/2026 04:45
c1992fbc-4f08-44fb-8136-5859d516e270,mastered.moe,available,13.99,13.99,high,low,8,namesilo,,,14/08/2026 17:35
c1ea83f2-8e5f-4dcd-9d01-070eea3c6f86,berlage.moe,available,13.99,13.99,medium,low,7,namesilo,,,23/09/2026 09:36
7e7800c6-adfa-4261-ab0a-81bf5bedc69b,upmarket.moe,available,13.99,13.99,high,low,8,namesilo,,,12/09/2026 23:13
187821e4-e266-49fd-b4c2-828d28619956,barbara.moe,available,13.99,13.99,high,low,7,namesilo,,,25/09/2026 11:55
5eea064d-a888-42ad-94d8-481e97e5d151,creativity.moe,available,14.98,17.88,high,low,10,namecheap,,,24/09/2026 19:19
e4f6230b-3c1a-46c4-a7fb-8fd636fab4f8,wes.moe,available,13.99,13.99,high,low,3,namesilo,,,26/09/2026 03:32
0d402f35-0bdc-4884-ba55-73e0247f0cff,shockingly.moe,available,13.99,13.99,medium,low,10,namesilo,,,16/09/2026 01:31
c6de0b25-c0aa-4b3d-9bc1-3bed0147b2d5,surface.moe,available,13.99,13.99,high,medium,7,namesilo,,,19/09/2026 13:21
fb60db23-8443-4f36-ae90-b29881597c4c,punky.moe,available,13.99,13.99,medium,low,5,namesilo,,,23/09/2026 22:32
22d6e261-8a5c-44f4-82c0-354f88b390ef,dollarfish.moe,available,14.98,17.88,medium,low,10,namecheap,,,20/09/2026 21:42
4a0e3a98-57c7-4bf9-93a2-d51e9671aa6a,arresting.moe,available,13.99,13.99,high,low,9,namesilo,,,06/08/2026 21:47
0913e11e-e38b-4387-a7fb-7dba1cfe8510,ketosis.moe,available,13.99,13.99,medium,low,7,namesilo,,,17/09/2026 00:11
ae87da85-32b1-459a-8e5a-4c2d693f2acd,amerindian.moe,available,13.99,13.99,high,low,10,namesilo,,,03/09/2026 13:51
b1c6d770-33d1-498b-a2c6-dcec9d39bf74,backchat.moe,available,13.99,13.99,medium,low,8,namesilo,,,21/09/2026 15:20
4f3d07b7-6ddc-48a1-9efd-6884bbb78992,probiotic.moe,available,13.06,13.06,high,low,9,dynadot,,,28/09/2026 02:50
a601f4b8-1116-4b45-9d21-d3e169517ad0,motorcar.moe,available,13.99,13.99,high,low,8,namesilo,,,21/09/2026 05:29
65790bbc-7296-4886-8b4a-e44ece322971,bronzed.moe,available,13.99,13.99,medium,low,7,namesilo,,,11/08/2026 05:43
c6681399-d233-4385-9333-237f3b8689fb,giacometti.moe,available,14.98,17.88,high,low,10,namecheap,,,18/09/2026 02:46
f0983385-283d-4abb-b006-9d9bb76d4f03,garb.moe,available,14.98,17.88,high,low,4,namecheap,,,19/09/2026 19:56
2028d41b-b070-490f-9a01-86c1a61b4573,fledged.moe,available,13.99,13.99,medium,low,7,namesilo,,,18/08/2026 07:25
5e1702d4-1d67-476d-b2ff-5319afd935b0,grandchild.moe,available,13.99,13.99,high,low,10,namesilo,,,
a6131b7e-b806-4336-8cc1-9131af42fdf7,illiteracy.moe,available,13.99,13.99,medium,low,10,namesilo,,,19/09/2026 01:54
2159b7c8-7ece-4431-9804-9efc4364e587,danville.moe,available,13.99,13.99,high,low,8,namesilo,,,28/09/2026 04:20
87ab832f-686f-434d-926d-05f48398ca9a,attribute.moe,available,13.99,13.99,high,low,9,namesilo,,,21/09/2026 02:16
2242bde3-a77b-49b8-bd65-709f8c97a2f1,refused.moe,available,14.98,17.88,medium,low,7,namecheap,,,18/09/2026 13:40
f7d3359f-203b-4c35-bc4a-c0af4840e679,strikes.moe,available,13.99,13.99,medium,low,7,namesilo,,,27/09/2026 09:13
4c9a65fc-a001-45b5-abd7-d6b75f04f67b,exaggerate.moe,available,13.99,13.99,high,low,10,namesilo,,,
0157ccfd-cc30-4507-871d-90ff304d4da8,spatial.moe,available,13.99,13.99,high,high,7,namesilo,,,10/09/2026 15:07
c359a373-5c14-4ba1-8ead-9f94448bd99d,print.moe,premium,96,14.16,high,medium,5,namesilo,,,
771d00ef-b1de-4007-8a0f-a5038cae5565,counts.moe,available,14.98,17.88,high,low,6,namecheap,,,18/09/2026 18:14
bd2b0e6d-c929-4099-b9e7-a10e7b0d12ee,however.moe,available,13.99,13.99,high,low,7,namesilo,,,
467c47c8-f39c-44e4-b0de-74d0930b309c,arizona.moe,premium,650,15.6,high,low,7,namecheap,,,20/09/2026 06:05
4ab271d9-b794-4197-b8f7-1d0f5ba59d81,sixteen.moe,available,13.99,13.99,high,low,7,namesilo,,,21/09/2026 11:48
86e3c40b-ce99-4f6f-9cee-a684abb14ecb,breakfast.moe,premium,96,14.16,high,low,9,namesilo,,,04/09/2026 13:27
b22a1788-e3fa-4b85-bce4-95d2d6bac30c,numerate.moe,available,13.99,13.99,medium,low,8,namesilo,,,03/09/2026 22:56
f81fb85c-eb81-48df-8050-cb30c4f5d1f9,barns.moe,available,13.99,13.99,medium,low,5,namesilo,,,20/09/2026 22:46
f408677e-63a1-444c-b92e-5029357a478a,spirea.moe,available,13.99,13.99,medium,low,6,namesilo,,,20/09/2026 17:27
d3119af3-daaf-4fed-bcc1-655d0552898a,dispersion.moe,available,13.99,13.99,high,low,10,namesilo,,,24/09/2026 22:57
a2d52d40-d5b4-47bc-bcf4-2f258b362869,chatterbox.moe,available,13.99,13.99,high,low,10,namesilo,,,21/09/2026 12:28
79715643-7dc3-4eb9-8d48-f8f2086657ad,abele.moe,available,13.99,13.99,medium,low,5,namesilo,,,16/09/2026 15:02
8a4a3bda-19a1-4ca6-a626-f680b964c013,bonkers.moe,available,13.99,13.99,medium,low,7,namesilo,,,06/08/2026 20:40
861614b1-9ad4-4875-91d2-f026f328b377,hitter.moe,available,13.99,13.99,high,low,6,namesilo,,,22/09/2026 14:18
36900646-3909-42fc-9194-0f0af776d2e2,chadwick.moe,available,13.99,13.99,medium,low,8,namesilo,,,28/09/2026 08:16
51dcdaba-d277-469c-be44-fd9350293b14,swimwear.moe,available,13.99,13.99,high,low,8,namesilo,,,22/09/2026 13:39
bf9d519f-ec36-426b-ab84-fa25700926cd,bewildered.moe,available,13.99,13.99,medium,low,10,namesilo,,,07/08/2026 11:52
4ea64580-7a52-4604-baf9-7bb8b3377954,calgary.moe,premium,104,15.6,high,low,7,namecheap,,,24/09/2026 11:43
a266491e-5b85-49c3-855f-0658c2eeb622,certain.moe,available,13,13.05,high,low,7,porkbun,,,27/09/2026 19:05
15ca03ea-2823-4e28-8686-52466bd286be,cruel.moe,premium,96,14.16,high,low,5,namesilo,,,22/09/2026 17:21
775020fe-c11b-438c-a129-91a26d7c1a9c,banal.moe,available,13.99,13.99,medium,low,5,namesilo,,,22/09/2026 16:37
55901699-e28e-4634-b9bd-e88e7023ade2,ventured.moe,available,13.99,13.99,medium,low,8,namesilo,,,25/09/2026 06:03
d82a9b91-6ba1-4b98-a505-ba55bd9e473e,abrupt.moe,available,13.99,13.99,high,low,6,namesilo,,,
0c4d6b3e-9601-4cf0-80c7-55394f821c91,goosey.moe,available,13.99,13.99,medium,low,6,namesilo,,,14/08/2026 16:06
9560f088-a103-4b65-88b7-d24c2c3fac32,determination.moe,available,14.98,17.88,high,low,13,namecheap,,,19/09/2026 18:25
1ac6a73a-bcba-486d-b579-c50058f60918,righted.moe,available,14.98,17.88,medium,low,7,namecheap,,,20/09/2026 15:58
f4c53e13-4cc8-4d51-8600-da83511c3a3a,rossbach.moe,available,13.99,13.99,medium,low,8,namesilo,,,22/09/2026 15:54
f9e8b8b6-a35e-421b-85e4-29b9c98eaef8,womanish.moe,available,13.99,13.99,medium,low,8,namesilo,,,13/09/2026 12:58
38491db8-ab48-473d-80da-ff05e9af4952,albany.moe,available,19.99,23.99,high,low,6,name.com,,,18/09/2026 02:27
77409f4a-8877-4532-81e5-5912e214db53,birchbark.moe,available,14.98,17.88,medium,low,9,namecheap,,,23/09/2026 19:23
e9b74be3-993e-49f2-82be-d6f15b729d3e,bauble.moe,available,13.99,13.99,high,low,6,namesilo,,,22/09/2026 16:31
6dfac310-06ef-466b-bc3d-48ff9a31e0eb,exhaust.moe,available,13.99,13.99,high,low,7,namesilo,,,
a8e659ab-274e-4e1f-943b-013f68bc388b,potent.moe,available,13.99,13.99,high,low,6,namesilo,,,09/09/2026 00:48
4349c5da-78e7-45cf-8979-fd4fb412d563,blindfold.moe,available,13.99,13.99,high,low,9,namesilo,,,10/08/2026 14:26
deb39261-5dd5-4b2f-ad34-50b2b247e60e,engel.moe,available,13.99,13.99,high,low,5,namesilo,,,28/09/2026 04:50
ab9e9c3c-463e-4256-9bdf-5ecfb3a76618,ala.moe,available,13.99,13.99,high,low,3,namesilo,,,
ce08c129-7644-4954-9ca4-f227b6732fd0,mangy.moe,available,13.99,13.99,medium,low,5,namesilo,,,24/08/2026 14:50
382a8829-8932-461f-b8b4-908c5cea98e2,cathouse.moe,available,14.98,17.88,medium,low,8,namecheap,,,21/09/2026 18:24
943d3e00-db54-4a27-b1a5-ce00669b683e,flor.moe,available,13.99,13.99,high,low,4,namesilo,,,27/09/2026 06:51
6bb414d7-e1ce-44c5-9aa4-7545fc5f0027,horrid.moe,available,13.99,13.99,medium,low,6,namesilo,,,21/08/2026 08:14
4f9372c1-afe1-4290-8c39-41bf0faf02af,protean.moe,available,13.99,13.99,high,low,7,namesilo,,,09/09/2026 04:06
47ae7338-0d8c-4d8b-8f3b-8fd3b71139d9,biopsy.moe,available,14.98,17.88,high,low,6,namecheap,,,23/09/2026 18:55
787dc74a-deba-42d2-9a9e-e6328aa51454,stripes.moe,available,13.99,13.99,high,low,7,namesilo,,,24/09/2026 14:23
ea8c882c-9556-433d-9238-00b00355c17d,bashful.moe,available,13.99,13.99,high,low,7,namesilo,,,08/08/2026 22:01
5a616463-63b5-42a4-89c5-a93f2f8c57fb,shipping.moe,available,13.99,13.99,high,low,8,namesilo,,,24/09/2026 02:37
fbec9b38-b39e-40d6-9fdd-639990deaa3b,belatedly.moe,available,14.98,17.88,medium,low,9,namecheap,,,22/08/2026 20:25
3060f47e-3195-4f60-bc90-b42aac814ac3,whose.moe,available,13.99,13.99,high,low,5,namesilo,,,
4f03fd10-b85a-438a-8285-9fc8360bc996,annex.moe,available,13.99,13.99,high,low,5,namesilo,,,
6929a5d2-fe22-449f-a361-2aad4e46b411,titles.moe,available,13.99,13.99,medium,low,6,namesilo,,,18/09/2026 13:24
f779c1a0-6c02-40fa-b9cd-e7a07731ac7b,might.moe,available,17.88,,high,low,5,namecheap,,,
7e840ca1-919f-4e20-be12-6237765c9296,disposable.moe,available,13.99,13.99,high,low,10,namesilo,,,14/08/2026 12:03
3f167ec9-4c63-4567-938f-0ea4cbabb464,tenner.moe,available,19.99,23.99,medium,low,6,name.com,,,21/09/2026 10:53
9edd8c70-c5f8-4883-91e1-ac44745860f1,vigilance.moe,available,13.99,13.99,high,low,9,namesilo,,,18/09/2026 05:28
9e7e7978-732b-41fc-89a4-8591c563b665,biggest.moe,available,14.98,17.88,medium,low,7,namecheap,,,27/09/2026 02:42
f7f7e2fa-74fa-45ce-b2c5-de2bf328ac28,diplomatic.moe,available,13.99,13.99,high,low,10,namesilo,,,24/09/2026 10:36
e2e4f615-3c99-49a2-9a98-3010c48eca71,axonal.moe,available,13.99,13.99,medium,low,6,namesilo,,,08/08/2026 02:01
17761f72-3997-4350-b7c7-a80a5e54e67c,gormless.moe,available,13.99,13.99,low,low,8,namesilo,,,18/08/2026 20:48
65844c4c-1dda-4a53-8de4-1edb5c4f5877,illative.moe,available,14.98,17.88,medium,low,8,namecheap,,,21/08/2026 19:47
dd8f2dc0-82d3-4cb5-830a-f96dbebe7878,crank.moe,available,13.99,13.99,medium,low,5,namesilo,,,13/08/2026 04:51
fd760aea-81c8-4387-9907-99b9eff141da,healthily.moe,available,13.99,13.99,medium,low,9,namesilo,,,14/09/2026 23:15
dd394c08-78e3-4bf1-8c20-c28ee4882da1,assurance.moe,available,13.99,13.99,high,low,9,namesilo,,,20/09/2026 16:44
b61c794d-022b-48a3-8792-fe7fd11fab33,axiomatic.moe,available,13.99,13.99,medium,low,9,namesilo,,,05/08/2026 23:27
1bce037e-74f4-40c7-95ff-2be9fed70b5f,moment.moe,available,13.99,13.99,high,low,6,namesilo,,,
08c20d94-7873-411d-9c83-3f5e4225d9c3,shoot.moe,available,13.99,13.99,high,low,5,namesilo,,,25/09/2026 04:18
cf441b28-5f33-419b-a80a-104ab5130e92,czechoslovak.moe,available,13.99,13.99,medium,low,12,namesilo,,,26/09/2026 03:18
9c8f8dab-7129-4c77-bb97-36865b125752,untamed.moe,available,14.98,17.88,medium,low,7,namecheap,,,12/09/2026 20:55
8635f426-a4ea-43f4-856e-5ef876f83634,camouflage.moe,available,13.99,13.99,high,low,10,namesilo,,,
44270439-2698-43e5-bbfa-ff398de2ffce,tasting.moe,available,13.99,13.99,high,low,7,namesilo,,,
2346d309-4cf9-46ac-a965-9594f0d16d01,xli.moe,available,13.99,13.99,medium,low,3,namesilo,,,
af32326f-f7f7-4f8b-9458-ad5a43493ace,assisted.moe,available,14.98,17.88,high,low,8,namecheap,,,21/09/2026 23:41
b8483c2a-8a0c-4c1b-98d3-47ad340d6976,mournfully.moe,available,13.99,13.99,medium,low,10,namesilo,,,15/09/2026 15:33
a45e1caa-513f-4c1f-afc1-e2d4a5dc7484,combustion.moe,available,13.99,13.99,high,low,10,namesilo,,,11/08/2026 10:57
427e3163-78f9-409f-af6b-cd8d5d2cbd30,abasic.moe,available,13.99,13.99,medium,low,6,namesilo,,,
3f3adca1-dff9-4251-90e6-988d67c8b9c2,cindy.moe,available,13.99,13.99,high,low,5,namesilo,,,
8ce6b63a-17a8-4d63-95d6-77d87454a9c9,falsetto.moe,available,14.98,17.88,high,low,8,namecheap,,,17/08/2026 21:33
df691351-1c84-4f89-ae42-233a3504ce22,unhelpful.moe,available,13.99,13.99,medium,low,9,namesilo,,,12/09/2026 12:26
2287b2a5-be17-45e4-869b-95f3c9f05199,admittance.moe,available,13.99,13.99,high,low,10,namesilo,,,16/09/2026 22:13
c2d65fa4-4d43-48e1-8f91-37481c85d8a7,paintpot.moe,available,17.88,,medium,low,9,namecheap,,,
4bd1af30-2131-49e5-84fd-ebabc58b57fa,jem.moe,premium,325,15.6,high,low,3,namecheap,,,20/09/2026 08:04
c1669a44-b241-42c9-9eec-7dbd0969ce66,sedans.moe,available,19.99,23.99,medium,low,6,name.com,,,19/09/2026 22:27
eb7bff5b-f2a5-46bf-9efd-885b193163d3,liaise.moe,available,13.99,13.99,high,low,6,namesilo,,,22/08/2026 08:15
02a03daa-528d-4356-8e39-34cdfacfda61,jiang.moe,available,13.99,13.99,high,low,5,namesilo,,,27/09/2026 08:14
f6faaa2f-c2a5-4ecd-aa38-bd9075245d1b,leaders.moe,available,13.99,13.99,high,low,7,namesilo,,,
7ecbe9a1-d267-4a3d-9a49-d086a0ca5a97,gull.moe,available,13.99,13.99,high,low,4,namesilo,,,12/08/2026 15:08
9082c284-8411-4414-ae02-c9a9ff83f1e2,salary.moe,available,13.99,13.99,high,low,6,namesilo,,,
4541ceaf-6f93-4797-89d5-833d99214ed6,salvific.moe,available,14.98,17.88,high,medium,8,namecheap,,,09/09/2026 21:03
90c6db2d-6a22-4c46-a107-76b7da0399fd,olfactory.moe,available,13.99,13.99,high,low,9,namesilo,,,04/09/2026 02:12
80e89b69-e956-4ce2-9002-ae34d38e9440,adaptation.moe,available,13.99,13.99,high,low,10,namesilo,,,17/09/2026 06:27
7eddf284-e9cb-4757-be73-0433ff2978b7,amalgamate.moe,available,13.99,13.99,high,low,10,namesilo,,,22/09/2026 03:01
3e7af576-daa7-45fc-aaaa-971805d28497,distinctions.moe,available,13.99,13.99,medium,low,12,namesilo,,,20/09/2026 03:54
59914060-a97d-4c08-8096-c11a08cb1509,numeral.moe,available,13.99,13.99,high,low,7,namesilo,,,03/09/2026 22:50
a5347c10-0844-4e2a-8036-f87eacdc5ec3,dinosaur.moe,available,13.99,13.99,high,low,8,namesilo,,,
5ab77d36-4233-49ce-9b9e-0db984d6204e,tireless.moe,available,13.99,13.99,high,low,8,namesilo,,,21/08/2026 00:49
27c44ae8-8228-49b7-8cef-75c45eb021fe,centre.moe,available,14.98,17.88,high,low,6,namecheap,,,23/09/2026 13:22
694f2043-bf70-4749-b4cc-b54e02e9c82d,obstructed.moe,available,13.99,13.99,medium,low,10,namesilo,,,04/09/2026 00:05
f6d13e2d-c6e9-49d4-a472-9f4847d6fddc,realised.moe,available,13.99,13.99,high,low,8,namesilo,,,23/09/2026 17:33
827d3243-15df-4dc3-b460-286324971891,hostility.moe,available,13.99,13.99,medium,low,9,namesilo,,,19/09/2026 12:25
b19e6c36-80a0-4917-a587-73186c64ad63,grieving.moe,available,13.99,13.99,medium,low,8,namesilo,,,09/08/2026 15:07
fffe60d0-306a-4dcc-b077-5bcacc71e8f1,awn.moe,available,13.99,13.99,high,low,3,namesilo,,,21/09/2026 10:11
812a9da1-42d6-4ebf-a0d8-e0f8a4a448d0,newsgroup.moe,available,17.88,,high,low,9,namecheap,,,
3e476f7a-3d1c-49df-9776-a5b090808a3b,sacredly.moe,available,13.99,13.99,medium,low,8,namesilo,,,15/09/2026 23:01
c7af92ce-b831-4328-bc1b-9d7f98a27e78,risk.moe,available,17.88,,high,low,4,namecheap,,,
1040e31c-bc81-4709-80f1-944654a8c331,upbound.moe,available,13.99,13.99,medium,low,7,namesilo,,,12/09/2026 23:02
2fb268bb-a15c-4b0d-aa6d-f882bb2c22ea,jaggy.moe,available,13.99,13.99,medium,low,5,namesilo,,,17/08/2026 12:34
7170f2fc-4a75-4d51-ab4e-e752b98c93c7,occupation.moe,available,13.99,13.99,high,low,10,namesilo,,,28/09/2026 06:05
f3b213d5-92fa-48e6-8265-b7dfe763d7a8,satisfies.moe,available,13.99,13.99,medium,low,9,namesilo,,,20/09/2026 14:54
1bb27855-7105-427b-904d-1bb8077dcd6b,metz.moe,available,13.99,13.99,high,low,4,namesilo,,,27/09/2026 07:39
13ab5a61-aec5-4ef7-b510-148dbe09eb16,cordate.moe,available,13.99,13.99,high,low,7,namesilo,,,13/08/2026 00:50
311d2bcb-fefc-4c6a-842c-e71df1348e10,coupon.moe,premium,302.5,14.16,high,low,6,namesilo,,,24/09/2026 18:44
a2d449a5-5a30-48f7-b2f4-704add09adc1,unite.moe,available,13.99,13.99,high,low,5,namesilo,,,24/09/2026 16:23
c724c1f3-425f-4090-ab15-9af0f484887f,anabolic.moe,available,13.99,13.99,high,low,8,namesilo,,,
918e1972-d891-42ac-9379-d1f4fbf86760,gouty.moe,available,14.98,17.88,medium,low,5,namecheap,,,20/08/2026 17:18
e97302aa-2a8a-4608-9484-aaa79efe51a7,endangered.moe,available,13.99,13.99,high,low,10,namesilo,,,17/08/2026 00:51
0e8bc00b-2957-480e-9e96-07101bf4e0b7,taradiddle.moe,available,13.99,13.99,medium,low,10,namesilo,,,21/09/2026 23:52
5acf09aa-4e4d-4cd6-9bb8-3bc7a5153a74,avionics.moe,available,13.99,13.99,high,low,8,namesilo,,,21/09/2026 09:35
a1af2d23-3d95-4838-bcbe-a2a52ee96b6d,ergotic.moe,available,13.99,13.99,medium,low,7,namesilo,,,17/08/2026 12:13
adf931cf-8889-42c7-8fce-3b55b6c08df5,skateboarding.moe,available,17.88,,high,low,13,namecheap,,,
c4788f9a-778f-4efa-ba00-a39058148624,groping.moe,available,14.98,17.88,medium,low,7,namecheap,,,20/08/2026 20:18
0d89da46-4c2e-49e4-b201-9839ccd89cd6,alcyone.moe,available,13.99,13.99,medium,low,7,namesilo,,,20/08/2026 22:22
7d86d78a-d2e3-4f2b-9f83-5d5f45c263c3,followers.moe,available,13.99,13.99,high,low,9,namesilo,,,27/09/2026 06:51
8834d9c3-b184-4fb1-8aef-8ed696003240,limiting.moe,available,14.98,17.88,high,low,8,namecheap,,,23/09/2026 19:42
b30b6933-5fe4-43f4-98b7-95861d7702d8,peevish.moe,available,13.99,13.99,medium,low,7,namesilo,,,22/08/2026 10:21
d1402ba3-0311-4931-9a31-fe972703108a,tattooing.moe,available,14.98,17.88,high,low,9,namecheap,,,18/09/2026 01:47
2ff05534-cdf8-4d10-b4cf-811070e68161,muslim.moe,available,13.99,13.99,high,medium,6,namesilo,,,27/09/2026 06:51
4ec019c8-8453-4a9f-a042-d1b06005f1f7,scalene.moe,available,13.99,13.99,medium,low,7,namesilo,,,09/09/2026 22:25
a59a1a48-d298-4ed8-86a9-f292c43e7bfc,nonplussed.moe,available,13.99,13.99,medium,low,10,namesilo,,,07/08/2026 10:48
3dcb0c7e-c03e-497a-920b-ffc3e3be1ebb,momently.moe,available,13.99,13.99,medium,low,8,namesilo,,,15/09/2026 15:21
21f347c6-aa1a-4ae2-9c71-887fefb5b8da,aphasia.moe,available,13.99,13.99,medium,low,7,namesilo,,,19/09/2026 16:53
fd979bc0-adba-480a-9a79-35ac1f7dedea,ovens.moe,available,13.99,13.99,medium,low,5,namesilo,,,20/09/2026 10:00
30861a66-03c4-4dfd-a799-8ae949a6cc05,wickedness.moe,available,13.99,13.99,medium,low,10,namesilo,,,17/08/2026 15:06
a3e2e84d-4494-4423-8c9a-69a9f464009e,nucleated.moe,available,13.99,13.99,medium,low,9,namesilo,,,03/09/2026 22:22
5a48b883-1f9c-4e92-b9e3-9516f6cbdb36,enthusiasm.moe,available,13.99,13.99,high,low,10,namesilo,,,
cb6218b0-9fb4-48b7-858e-f3c9576d60af,uncomplicated.moe,available,17.88,,high,low,13,namecheap,,,
2ad1abbc-661f-4266-a11c-079a7c75a039,harmon.moe,available,13.99,13.99,high,low,6,namesilo,,,27/09/2026 07:57
3e36f253-c7c1-4922-bafc-7d5ace8d112f,antitumor.moe,available,13.99,13.99,high,low,9,namesilo,,,22/09/2026 06:40
d7cabfa1-fb34-4a5e-abb2-71d5c618cf62,saler.moe,available,13.99,13.99,medium,low,5,namesilo,,,
12275050-7912-4940-bd5f-ad19f80727c8,sweatshirt.moe,available,17.88,,high,low,10,namecheap,,,
3069b6d1-8f5d-425f-88d6-28a5dde0c77e,anabas.moe,available,13.99,13.99,medium,low,6,namesilo,,,19/09/2026 00:49
503901bf-b71d-427d-9ddf-b46a97e5e079,talk.moe,premium,3250,,high,low,4,name.com,,,
7f987a75-d2f0-4dd4-82ec-87c8fef95dc3,scalar.moe,available,13.99,13.99,high,low,6,namesilo,,,09/09/2026 22:16
b4ebde0b-8146-47f4-a694-6adfb731a777,offended.moe,available,13.99,13.99,medium,low,8,namesilo,,,04/09/2026 01:24
2aaac444-514b-4736-8660-7f3e60e7adf9,blew.moe,available,13.99,13.99,medium,low,4,namesilo,,,25/09/2026 11:11
5b402b88-b324-4163-8648-e90f040f79d2,decatur.moe,available,13.99,13.99,high,low,7,namesilo,,,27/09/2026 03:44
b68cf58c-5d64-4d67-8dfa-9c18e94f9db3,barrelfish.moe,available,13.99,13.99,medium,low,10,namesilo,,,22/09/2026 08:20
271696b1-70b6-40c3-8f32-e1c895cca1fb,arum.moe,available,13.99,13.99,medium,low,4,namesilo,,,06/08/2026 20:20
75082f36-d22f-42bb-b73a-d0d75f02c0f4,believing.moe,available,14.98,17.88,high,low,9,namecheap,,,23/09/2026 05:15
bf496799-4041-4395-b9ad-9ec84500fbe7,tenuous.moe,available,13.99,13.99,medium,low,7,namesilo,,,11/09/2026 11:41
c15f7fc8-33f5-4ecd-8042-494696486bef,mindfully.moe,available,13.99,13.99,high,low,9,namesilo,,,13/09/2026 17:29
993e0353-57d3-4a47-8501-abbfb1419c8c,ushers.moe,available,13.99,13.99,medium,low,6,namesilo,,,20/09/2026 19:46
415d83c7-f2bb-4db2-b00a-32acc5bcda82,makeshift.moe,available,13.99,13.99,high,low,9,namesilo,,,21/08/2026 23:21
4e9833e8-ac1d-4815-9584-f2fe352d1506,arhat.moe,available,19.99,23.99,medium,low,5,name.com,,,20/09/2026 05:05
0d7599cd-47ce-44ca-b1f5-f1bdd3d2a91b,pilose.moe,available,13.99,13.99,high,medium,6,namesilo,,,08/09/2026 19:39
4cd83ae7-eef1-4920-9f7a-e2eb709b0028,yeast.moe,available,13.99,13.99,high,low,5,namesilo,,,22/09/2026 06:34
aa7cff7a-827d-4b90-9da9-260a49b6740c,unchewable.moe,available,13.99,13.99,high,medium,10,namesilo,,,10/09/2026 08:18
e3a40ca2-26b0-47fd-9ec4-10e00f1482d9,asphyxia.moe,available,13.99,13.99,medium,low,8,namesilo,,,20/09/2026 15:10
2a1d6c9c-874d-43e3-8bb3-400a51252aca,farsighted.moe,available,13.99,13.99,medium,low,10,namesilo,,,17/08/2026 22:41
c9dccb4d-ce55-4d3b-adf3-2d1f61b175fe,potpourri.moe,available,13.99,13.99,high,low,9,namesilo,,,25/08/2026 08:24
c5743505-6055-475e-b6ed-2ed240184860,untasted.moe,available,14.98,17.88,low,low,8,namecheap,,,12/09/2026 21:05
3417ab01-ba61-499c-88ff-6ed86cabed48,porcine.moe,available,13.99,13.99,medium,low,7,namesilo,,,21/08/2026 10:21
e54973ec-ba7c-4d02-a4d3-51e1a532ac8c,odious.moe,available,13.99,13.99,medium,low,6,namesilo,,,
bbbe0931-7111-4ae8-aec5-bd2338bef42f,regression.moe,available,14.98,17.88,high,low,10,namecheap,,,20/09/2026 09:08
40b12f9a-efa3-426e-bac3-797820b2dd9d,humoring.moe,premium,96,14.16,high,low,8,namesilo,,,05/09/2026 00:31
fa601ebb-67fc-42cb-b0d1-358aeb1107c4,babka.moe,available,13.99,13.99,high,low,5,namesilo,,,21/09/2026 12:47
96acad77-dc29-451e-a0b7-ef32a0ca495e,straying.moe,available,13.99,13.99,medium,low,8,namesilo,,,10/09/2026 22:14
d0ca364b-d996-447c-b167-ba461bd98d06,muscovite.moe,available,13.99,13.99,medium,low,9,namesilo,,,03/09/2026 11:26
589bed36-0447-4250-afc5-578fd4f88bcd,abdias.moe,available,13.99,13.99,medium,low,6,namesilo,,,16/09/2026 14:41
f6400a6a-b6b5-4002-a6cb-2122d5e4c5b7,lovable.moe,available,13.99,13.99,high,low,7,namesilo,,,27/09/2026 06:51
7f8fce52-596b-43ce-8893-15d3d887fe2f,salmagundi.moe,available,13.99,13.99,medium,low,10,namesilo,,,25/08/2026 08:22
e6b1f16a-86f0-4c66-934c-21e09654a654,darned.moe,available,13.99,13.99,medium,low,6,namesilo,,,10/08/2026 12:41
fb4e67d6-8560-43c5-b8b1-e96aa3e2c84c,pours.moe,available,13.99,13.99,medium,low,5,namesilo,,,18/09/2026 07:35
86e78651-411d-4a4e-b4a3-a7b7e650170a,terminating.moe,available,13.99,13.99,medium,low,11,namesilo,,,08/09/2026 14:51
38311245-a44e-4166-a5ab-2f2a2ce942be,pointy.moe,available,13.99,13.99,high,low,6,namesilo,,,
08f1f5e0-da7b-423a-a7fe-232ebc39d51c,atomiser.moe,available,13.99,13.99,medium,low,8,namesilo,,,21/09/2026 00:19
3b53d922-3bd5-4885-b003-7db53d117e25,tails.moe,available,13.99,13.99,high,low,5,namesilo,,,
8ff7f0b8-e13b-4f6f-a7db-12bb5fe87926,loneliness.moe,available,13.99,13.99,high,low,10,namesilo,,,18/09/2026 13:13
0c5d2816-d1e8-4300-b25c-7d73c89354ed,bravery.moe,available,17.88,,high,low,7,namecheap,,,
86450262-01c5-4c4a-a9c6-82ef17547eb2,amorpha.moe,available,13.99,13.99,medium,low,7,namesilo,,,18/09/2026 22:43
6b3a169a-0880-47f6-b627-facb5cb0f88a,nasser.moe,available,13.99,13.99,high,low,6,namesilo,,,28/09/2026 01:58
ad026df0-3b74-41c9-8641-cbf548df19d4,stormproof.moe,available,14.98,17.88,medium,low,10,namecheap,,,10/09/2026 21:24
8dca795a-3d34-48b3-8f74-07e0224fad9a,apheresis.moe,available,13.99,13.99,medium,low,9,namesilo,,,19/09/2026 16:49
ae660ec7-9f55-4e8a-99ae-1ee50ce67d16,violated.moe,available,14.98,17.88,medium,low,8,namecheap,,,27/09/2026 07:04
9be1f5b2-3b81-4a32-8551-163f1682a307,heliacal.moe,available,13.99,13.99,medium,low,8,namesilo,,,21/08/2026 06:23
fe421519-81d8-4b8f-a451-c2815e9dbc54,humid.moe,available,13.99,13.99,high,low,5,namesilo,,,21/08/2026 15:17
a23e94e3-f7dc-4726-b6a2-d6a097e48ce2,smashed.moe,available,13.99,13.99,medium,low,7,namesilo,,,09/08/2026 15:50
ed002922-fdef-4cd4-824e-01ef1da0060b,luteal.moe,available,13.99,13.99,medium,low,6,namesilo,,,24/08/2026 12:07
afaca258-8549-41da-8c21-a813f0c48a94,holistic.moe,available,14.98,17.88,high,low,8,namecheap,,,27/09/2026 06:51
d805d4b3-d6d0-4c59-b2bc-c9f7bf2cf80a,pastor.moe,available,14.98,17.88,high,low,6,namecheap,,,24/09/2026 20:20
9fee6120-c163-4d85-839e-bf8f24c9d879,cypriote.moe,available,19.99,23.99,medium,low,8,name.com,,,13/08/2026 14:05
8a1eceb5-6c12-4fe7-b45b-06e4f2482500,remaining.moe,available,13.99,13.99,high,low,9,namesilo,,,22/08/2026 22:43
92213a4f-82ae-48ab-9713-8bd71f520a55,apocope.moe,available,14.98,17.88,medium,low,7,namecheap,,,19/09/2026 18:11
f792a150-95d0-4c5a-bc50-e7d4b68f78ef,anne.moe,premium,96,14.16,high,low,4,namesilo,,,19/09/2026 10:11
8329be9f-6d85-4552-9fda-247a853991a4,polyester.moe,available,13.99,13.99,high,low,9,namesilo,,,
1af2b081-f4a7-4603-89b4-b559dc48f3af,sul.moe,available,13.99,13.99,medium,low,3,namesilo,,,27/09/2026 10:19
8af1c71b-050f-4f02-8499-232a374e9003,orpin.moe,available,13.99,13.99,medium,low,5,namesilo,,,24/08/2026 08:00
45483a38-c2c0-4ccd-8ca6-c301e0998297,harare.moe,available,13.99,13.99,medium,low,6,namesilo,,,24/09/2026 12:36
59c2bea6-b285-4407-a59a-5439fb950c8a,yank.moe,available,13.99,13.99,high,low,4,namesilo,,,13/09/2026 14:14
5eea1a7a-7759-4116-81bc-071ab02ae164,dial.moe,available,13.99,13.99,high,medium,4,namesilo,,,24/09/2026 22:10
05b69935-4dba-41c8-8292-b7be015ef2a8,cases.moe,available,13.99,13.99,medium,low,5,namesilo,,,17/09/2026 16:31
419f4525-69cb-409c-9fba-91732a9cd07c,voices.moe,premium,625,,medium,low,6,name.com,,,
071059c9-7ef9-4d8e-9599-534ea226d9c6,skint.moe,available,13.99,13.99,medium,low,5,namesilo,,,11/08/2026 05:21
0cd2456f-d1ce-4f4b-b6b0-8b4188ef7d31,jagged.moe,available,13.99,13.99,medium,low,6,namesilo,,,17/08/2026 12:32
fcb23726-f160-49f0-8f29-d7f46908d9ac,settlement.moe,available,24.99,24.99,high,low,10,godaddy,,,28/09/2026 01:43
f6603a90-cd27-4f71-90c1-f9384b1572a9,arenga.moe,available,13.99,13.99,medium,low,6,namesilo,,,20/09/2026 03:43
f7f5adb1-bd6e-4e1c-a520-82559f821a8e,glaucous.moe,available,13.99,13.99,medium,low,8,namesilo,,,20/08/2026 14:16
afce72d9-5b90-4fbf-bc51-5dc2c72eba49,onside.moe,available,13.99,13.99,medium,low,6,namesilo,,,04/09/2026 15:17
4cd270b4-902b-4e2c-92bb-798e82c25207,tank.moe,available,13.99,13.99,high,low,4,namesilo,,,20/09/2026 07:27
f6f77c72-43f7-4380-8df5-881c7b6c6d74,supported.moe,available,24.99,24.99,high,low,9,godaddy,,,28/09/2026 02:01
a3f3e11c-6039-4850-8905-f3c520e36bc8,asin.moe,available,13.99,13.99,high,low,4,namesilo,,,20/09/2026 14:15
981a7c61-409e-41ec-88a0-30b9eb50b8e3,untimely.moe,available,13.99,13.99,medium,low,8,namesilo,,,21/08/2026 19:32
f187bfb8-b166-43ce-866c-53759ae1c664,katz.moe,available,13.99,13.99,high,low,4,namesilo,,,25/09/2026 15:43
95da5890-a217-4515-8010-05572546b937,ayin.moe,available,13.99,13.99,high,low,4,namesilo,,,21/09/2026 10:38
7a4fbdbc-5a48-470f-8023-c074c4cba042,speeding.moe,available,13.99,13.99,high,low,8,namesilo,,,25/09/2026 06:47
557026ae-ca0e-46b9-a030-9fafbe30d717,aleut.moe,available,13.99,13.99,high,low,5,namesilo,,,
38cd0612-25ce-4bc3-9fe1-c260d845458b,teaching.moe,premium,96,14.16,high,low,8,namesilo,,,24/09/2026 22:15
fd154623-eb60-4bce-be1d-f69c454cbad0,overage.moe,available,14.98,17.88,medium,low,7,namecheap,,,04/09/2026 19:59
060fc390-3193-42e1-836f-10ccedba5923,likeable.moe,available,13.99,13.99,high,low,8,namesilo,,,27/09/2026 06:51
f224be01-b15a-4ea9-8739-459a8a84d355,thereafter.moe,available,13.99,13.99,high,low,10,namesilo,,,16/09/2026 08:38
1f441dd3-f96f-49db-8be5-22e78f628e21,pellucid.moe,available,13.99,13.99,high,low,8,namesilo,,,13/08/2026 09:44
db879c96-070e-4a9e-bbe4-bfd6888efb2f,witnesses.moe,available,14.98,17.88,medium,low,9,namecheap,,,25/09/2026 18:59
0fe0bb06-10dd-4bcb-8925-254f862a4140,perpetual.moe,available,13.99,13.99,high,low,9,namesilo,,,
c2250859-c171-4a75-a6e2-9dc3e4840dc5,mistaken.moe,available,13.99,13.99,medium,low,8,namesilo,,,25/08/2026 01:52
482436f4-5266-4a22-8db9-ef3c146e3434,latterly.moe,available,13.99,13.99,medium,low,8,namesilo,,,15/09/2026 10:54
c8f8cb77-ae53-415a-ac88-d28e091b557e,ieee.moe,available,14.98,17.88,high,medium,4,namecheap,,,25/09/2026 13:18
560c9fd7-d479-4fe9-a36e-cbc4271a87d8,discovered.moe,available,13.99,13.99,high,low,10,namesilo,,,22/09/2026 09:21
54aa722a-1634-44b3-8891-cb7a9864f565,knitted.moe,available,13.99,13.99,medium,low,7,namesilo,,,22/08/2026 16:27
8aa838db-71d0-42ac-a68e-50af968220d5,pert.moe,available,13.99,13.99,medium,low,4,namesilo,,,21/08/2026 22:15
9cede6ae-b83b-4656-9aba-5b4643158c58,forsake.moe,available,13.99,13.99,medium,low,7,namesilo,,,14/08/2026 03:54
870ddffb-af8b-4913-b7e7-7ac4d7bf86d0,finished.moe,available,14.98,17.88,high,low,8,namecheap,,,24/09/2026 18:27
bdae43c0-87f5-438b-bce9-6895eb665a05,hungarian.moe,available,13.99,13.99,high,low,9,namesilo,,,21/08/2026 15:39
91cf2738-bcba-4ea8-a52f-21264108a6c4,unchecked.moe,available,13.99,13.99,medium,low,9,namesilo,,,12/09/2026 04:32
188debb1-1773-49d4-9883-65d94dfeac88,aquaplane.moe,available,13.99,13.99,medium,low,9,namesilo,,,19/09/2026 22:59
c5dddb03-71a4-4d32-ac78-5aee0b2480ab,brighton.moe,available,13.99,13.99,high,low,8,namesilo,,,24/09/2026 10:19
f63031f7-781b-4146-960b-11a9deb7616b,trashy.moe,available,13.99,13.99,medium,low,6,namesilo,,,18/08/2026 06:44
4f9351e6-94b7-42ba-8384-f3e2523c963d,consensual.moe,available,13.99,13.99,high,low,10,namesilo,,,12/08/2026 22:31
2a0e461c-dbe4-4b1b-a4ea-90c052078952,josiah.moe,available,13.99,13.99,medium,low,6,namesilo,,,27/09/2026 01:34
32691f45-ca50-4401-a993-4ca983d039ee,cunningham.moe,available,13.99,13.99,high,low,10,namesilo,,,25/09/2026 04:27
6adf6834-64d8-4cba-ae50-a59875080f57,settings.moe,premium,96,14.16,medium,low,8,namesilo,,,17/09/2026 13:18
f49bd006-5d45-4b9c-8cff-9d9b5769554d,scaly.moe,available,13.99,13.99,medium,low,5,namesilo,,,23/08/2026 00:05
656ed3c4-a361-401b-b1a7-3cb00707fd8f,tramp.moe,available,13.99,13.99,high,low,5,namesilo,,,10/09/2026 22:07
9603a1bc-379f-46ae-aa83-41df72e8d8e7,reflection.moe,available,13.99,13.99,high,low,10,namesilo,,,25/09/2026 22:24
40020dbd-db13-4c09-be18-4f0b00e37a3a,dimple.moe,available,14.98,17.88,high,low,6,namecheap,,,24/09/2026 22:21
0c439042-617e-4ce0-b060-8e8148e87d38,unwashed.moe,available,14.98,17.88,medium,low,8,namecheap,,,08/09/2026 21:02
1587ecb8-008b-42c7-9bac-58fb99cc714a,eggplant.moe,available,13.99,13.99,high,low,8,namesilo,,,21/09/2026 02:30
238ea6a6-d9bb-49a8-b5a5-41fcc9da6140,acerb.moe,available,13.99,13.99,medium,low,5,namesilo,,,
bf6e1fc3-ebe9-4799-86c2-fe0434ca73ee,claims.moe,available,19.99,23.99,high,low,6,name.com,,,25/09/2026 20:29
2a56e338-bf40-4d83-8d96-8f1c0f53d0e1,anecdotal.moe,available,13.99,13.99,medium,low,9,namesilo,,,
d07645e8-a005-4545-b166-7e9c909c7351,today.moe,premium,625,,high,low,5,name.com,,,
f161d3fe-3dd7-40cc-8693-a7f05e3f430e,sunstone.moe,available,13.99,13.99,high,low,8,namesilo,,,21/09/2026 09:07
664a11ea-18cb-4b6a-9710-8946dfff6846,squad.moe,available,13.99,13.99,high,low,5,namesilo,,,26/09/2026 00:04
61d53a99-82c3-404a-96ff-290ec2f64034,rounder.moe,available,13.99,13.99,medium,low,7,namesilo,,,23/08/2026 00:51
0e1711f0-4d9c-403d-8530-02085d21d03d,acidity.moe,available,13.99,13.99,medium,low,7,namesilo,,,17/09/2026 01:24
de8232ca-2ef1-4905-85f7-7938b0364c25,ranging.moe,available,13.99,13.99,high,medium,7,namesilo,,,09/09/2026 10:16
a6f232e6-3ffc-4acf-b585-b38369757ce9,occasion.moe,available,13.99,13.99,high,low,8,namesilo,,,
87589bf3-3d28-427e-9694-99b83fe77014,consents.moe,available,14.98,17.88,medium,low,8,namecheap,,,20/09/2026 13:43
9f8dd8dd-f3f1-47c2-b1c4-4602a8096dde,cautious.moe,available,13.99,13.99,high,low,8,namesilo,,,11/08/2026 22:44
a408495f-6652-422b-8f28-d7e41a746589,cargo.moe,available,13.99,13.99,high,low,5,namesilo,,,24/09/2026 12:56
dab9d4b3-262f-4f97-9d19-bdf918763442,deputy.moe,available,13.99,13.99,high,low,6,namesilo,,,
a2cbd358-782c-43ba-b7b8-b706ca8bdc75,holdings.moe,available,14.98,17.88,medium,low,8,namecheap,,,17/09/2026 20:27
9cca5106-4302-4011-8774-5c0fac598c75,cochran.moe,available,13.99,13.99,medium,low,7,namesilo,,,27/09/2026 12:38
4c464635-fa10-4f4c-99b8-aed5bcb5b2a3,owing.moe,available,13.99,13.99,medium,low,5,namesilo,,,
8ccb3180-6eb3-4cad-a41d-6dd67f20e59c,bursal.moe,available,13.99,13.99,medium,low,6,namesilo,,,11/08/2026 11:04
9701870f-81dc-4a5d-ba27-c65b1631cb2d,arched.moe,available,13.99,13.99,medium,low,6,namesilo,,,06/08/2026 14:34
d3a5bcc5-fce5-4a90-8e99-cbd04db9f05e,interest.moe,available,13.99,13.99,high,low,8,namesilo,,,08/09/2026 14:02
d20f6029-1d37-4194-99aa-a1eb260078a8,competition.moe,available,19.99,23.99,high,low,11,name.com,,,25/09/2026 16:42
a8eb1fc1-fa76-46df-bb90-e3d820644372,bimonthly.moe,available,13.99,13.99,high,low,9,namesilo,,,09/08/2026 22:42
87162877-d663-43c2-ac84-fc33bda15e7d,headed.moe,available,13.99,13.99,high,low,6,namesilo,,,21/08/2026 01:51
df79b3aa-0b41-4750-b2de-bfc38e3f3a9b,ventilators.moe,available,14.98,17.88,medium,low,11,namecheap,,,18/09/2026 23:26
78ef794e-5fad-4cb7-9045-5aa9ed2665c3,unnerving.moe,available,13.99,13.99,high,medium,9,namesilo,,,09/09/2026 12:23
51ee0c6e-ea35-4154-bfd4-32004e454c44,macmillan.moe,available,13.99,13.99,high,low,9,namesilo,,,25/09/2026 12:59
dde3796e-1fc8-4168-a0a1-b56b17629c39,statuesque.moe,available,13.99,13.99,medium,low,10,namesilo,,,22/08/2026 14:32
3b83e0e8-e7ef-4612-8ab8-40e26b64a7c0,greetings.moe,available,13.99,13.99,high,low,9,namesilo,,,
cd81d775-501e-4fdc-bbec-25360b0f89c5,objects.moe,available,17.88,,medium,low,7,namecheap,,,
4da245be-b29c-46a3-b36e-3f858b9c9138,quantal.moe,available,13.99,13.99,medium,low,7,namesilo,,,09/09/2026 07:28
ecd2b905-50df-457b-89e1-84164f36af32,emmet.moe,available,13.99,13.99,medium,low,5,namesilo,,,19/09/2026 12:15
d746599f-8cf5-4cbb-9d11-cb9ccba73ab6,social.moe,premium,3588,14.16,high,medium,6,namesilo,,,19/09/2026 17:20
5b875715-a46f-41e2-bf59-491f94434dc1,adamant.moe,available,13.99,13.99,high,low,7,namesilo,,,
04c8e8a2-8d6a-462c-9dbb-3b093d9472f2,babassu.moe,available,13.99,13.99,medium,low,7,namesilo,,,21/09/2026 12:15
e79f8911-1a1c-4de6-a8c0-34ebb7882039,promising.moe,available,13.99,13.99,high,low,9,namesilo,,,27/09/2026 07:28
7250dd84-7b72-44d0-b3d1-d328ab7cf5e5,anteater.moe,available,14.98,17.88,high,low,8,namecheap,,,16/09/2026 13:25
072ae74a-e5a3-4ede-a484-8dc4e4876a00,pleasantly.moe,available,14.98,17.88,high,low,10,namecheap,,,13/09/2026 18:20
706c7345-bd3a-47ee-a209-5366e81e4fec,streak.moe,available,13.99,13.99,high,low,6,namesilo,,,27/09/2026 11:41
47cc0844-143d-442d-bfc9-b7704c13cce9,four.moe,available,13.99,13.99,high,low,4,namesilo,,,21/09/2026 13:11
7e784c7b-76d0-4a1b-9753-86e96db83682,utterable.moe,available,13.99,13.99,high,medium,9,namesilo,,,10/09/2026 15:23
fe796779-7e6b-42ac-a54a-9031406a7c4f,unlighted.moe,available,13.99,13.99,medium,low,9,namesilo,,,12/09/2026 13:01
b072d0af-aaaf-405c-9692-31a94d1e1d53,enceinte.moe,available,14.98,17.88,medium,low,8,namecheap,,,16/08/2026 22:09
c8f6aeef-cdab-4705-aeef-15273a759200,thongs.moe,available,13.99,13.99,medium,low,6,namesilo,,,19/09/2026 22:16
2dd961e8-b9a7-4d34-9b35-58d37f3312f8,unposed.moe,available,13.99,13.99,medium,low,7,namesilo,,,12/09/2026 17:15
9bf28b81-159f-4e77-bcad-276784c72b6a,necessity.moe,available,13.99,13.99,high,low,9,namesilo,,,24/09/2026 15:20
7fcda0d6-78f1-4055-af24-65baad1d887b,bambusa.moe,available,13.99,13.99,medium,low,7,namesilo,,,22/09/2026 00:41
b0adc59c-a52d-45d6-8fb7-7959083914d1,balder.moe,available,14.98,17.88,medium,low,6,namecheap,,,21/09/2026 21:33
cb966c54-f850-4c6e-89bc-12420a3a6b3f,corking.moe,available,13.99,13.99,medium,low,7,namesilo,,,08/08/2026 12:20
504ef992-2f66-4390-a305-b4d53716f7ab,wedge.moe,available,13.99,13.99,high,low,5,namesilo,,,
7e143913-aee8-4fcd-9c84-8cd8ed6c08f0,roar.moe,available,13.99,13.99,high,low,4,namesilo,,,27/09/2026 15:38
2d061a98-cc6a-4607-84d9-77304e4d623c,linked.moe,available,13.99,13.99,high,low,6,namesilo,,,25/09/2026 13:54
a9998d5a-59b4-4be5-a6a3-06600c1d8af7,clonal.moe,available,13.99,13.99,medium,low,6,namesilo,,,12/08/2026 12:01
0c789eab-4379-47a4-88b6-60511dbbf792,barrie.moe,available,14.98,17.88,medium,low,6,namecheap,,,22/09/2026 08:37
7c34b1e7-de35-4ce0-a932-8e9fd7de0f06,pardon.moe,available,13.99,13.99,high,low,6,namesilo,,,27/09/2026 04:43
08b33ff5-92ed-42b4-a528-d1cb5a6199d0,azt.moe,available,13.99,13.99,high,low,3,namesilo,,,21/09/2026 11:33
17aff41b-48cd-4d7f-921a-e783fd792743,starvation.moe,available,14.98,17.88,medium,low,10,namecheap,,,10/09/2026 19:06
aa75f4aa-9150-4000-ac26-93300ab7fc86,condemn.moe,available,13.99,13.99,medium,low,7,namesilo,,,
a4a454f6-ccf0-4c6b-8928-ae15002fab80,tone.moe,premium,96,14.16,high,low,4,namesilo,,,
75c600a2-3b1f-4647-8903-127a18050cdc,accede.moe,available,13.99,13.99,high,low,6,namesilo,,,20/09/2026 16:11
0f4a41b4-d91c-4b82-aa68-09392ed5d1b4,neither.moe,available,13.99,13.99,medium,low,7,namesilo,,,03/09/2026 15:18
b300baf6-7c33-459f-a324-103b3734db57,barnes.moe,available,14.98,17.88,high,low,6,namecheap,,,25/09/2026 21:08
ba7fd9f2-03d7-4f1d-872a-776696ecc185,grouped.moe,available,14.98,17.88,medium,low,7,namecheap,,,20/08/2026 20:22
6ea1e8e7-f19a-4a18-bc31-3f4e2529ad7e,sardonic.moe,available,13.99,13.99,high,medium,8,namesilo,,,09/09/2026 21:31
c17077e5-a901-48b6-9163-23fd4121c566,prefers.moe,available,14.98,17.88,medium,low,7,namecheap,,,20/09/2026 07:15
a7572f8a-df65-478b-a818-18b43c69981f,unwieldy.moe,available,13.99,13.99,medium,low,8,namesilo,,,12/08/2026 13:10
29967c0e-771f-4343-a980-ffa059fb90c9,aeolus.moe,available,13.99,13.99,medium,low,6,namesilo,,,17/09/2026 12:36
54225cf8-416b-4a73-90f2-5a4e93aeccf6,antennaria.moe,available,13.99,13.99,medium,low,10,namesilo,,,19/09/2026 12:52
e9e2a2c7-d2a3-4029-9b02-543e1c5fd9a1,nuptial.moe,available,13.99,13.99,high,low,7,namesilo,,,11/08/2026 03:55
ff82a88b-02dd-4a88-a8ac-ad2b42c6ff5b,buffalo.moe,available,14.98,17.88,high,low,7,namecheap,,,18/09/2026 19:11
322c2a02-f698-4b00-bc64-fbd5777080b7,boolean.moe,available,14.98,17.88,high,low,7,namecheap,,,10/08/2026 19:12
ad37c10d-5b83-402f-a4da-7ac2ae0a0575,occurred.moe,available,13.99,13.99,medium,low,8,namesilo,,,18/09/2026 13:50
574af8e0-18f1-45d2-a4ea-cbf65e49d54d,pencils.moe,available,13.99,13.99,medium,low,7,namesilo,,,20/09/2026 08:42
4faf5f33-bcd5-443c-9e5e-388851361e52,lateen.moe,available,13.99,13.99,medium,low,6,namesilo,,,22/08/2026 20:29
c9f5fcc5-fa2d-4e25-9ea1-fdf9944d8148,incipient.moe,available,13.99,13.99,medium,low,9,namesilo,,,22/08/2026 01:14
0ae5b997-6a03-4f87-8570-e57e86c32977,beseeching.moe,available,13.99,13.99,medium,low,10,namesilo,,,09/08/2026 15:20
1184161a-320d-448c-98ba-1e60de7e4582,mixologist.moe,available,13.99,13.99,medium,low,10,namesilo,,,22/09/2026 06:27
bc0f7b7f-dfb7-4304-b882-f87dcfd9b1ab,peirce.moe,available,14.98,17.88,medium,low,6,namecheap,,,23/09/2026 08:23
0c9bd659-afe5-4664-a67b-aa5a8fe71981,expose.moe,available,13.99,13.99,high,low,6,namesilo,,,
beb3d0ca-05a6-4128-8ea7-55dae821fc6a,ethics.moe,premium,104,15.6,high,low,6,namecheap,,,28/09/2026 05:38
78ac5e75-7455-4661-946f-f0e9b57b8b05,healthful.moe,available,13.99,13.99,high,low,9,namesilo,,,21/08/2026 02:02
3166eca7-d6d0-4c0c-aace-2871f70e2ee0,nagging.moe,available,13.99,13.99,medium,low,7,namesilo,,,03/09/2026 12:41
85dd61c8-c32f-4636-8bba-30bb2d13e78a,fires.moe,available,13.99,13.99,medium,low,5,namesilo,,,18/09/2026 04:40
3811d7a5-8a2e-4c93-81b3-4fc866040bb7,aide.moe,available,13.99,13.99,high,low,4,namesilo,,,22/09/2026 14:20
afaf10f3-0056-418d-a5f0-ee80daa8fd52,diagnosis.moe,available,13.99,13.99,high,low,9,namesilo,,,24/09/2026 22:08
894f0087-987c-4353-ba49-d5c419809e7b,angina.moe,available,14.98,17.88,medium,low,6,namecheap,,,19/09/2026 06:08
9b490cb2-1b35-4600-affa-806337c50b78,sexed.moe,available,13.99,13.99,medium,low,5,namesilo,,,10/09/2026 05:13
b8bf85fc-954f-4f06-9b33-0698a68ed136,ensure.moe,available,13.99,13.99,high,low,6,namesilo,,,
e2b2fc32-2a3a-44cb-ab70-6bfaece6ff8d,stores.moe,premium,302.5,14.16,high,low,6,namesilo,,,25/09/2026 17:11
e21fce22-1174-4cf5-aeac-c166841d7e11,enraptured.moe,available,13.99,13.99,high,low,10,namesilo,,,14/08/2026 23:46
39d22064-d4d4-4161-9cd4-4f0a8e58ab89,asian.moe,premium,3380,15.6,high,low,5,namecheap,,,22/09/2026 09:40
49626b8b-2351-48ba-a009-045996d7a716,concentrate.moe,available,13.99,13.99,high,low,11,namesilo,,,26/09/2026 00:53
fb4406cd-8672-4141-87e9-c7769664b35a,purposeful.moe,available,13.99,13.99,high,medium,10,namesilo,,,09/09/2026 06:25
45bc1054-a64d-4d55-8fb3-f11c6c70b0d0,specialty.moe,available,13.99,13.99,high,low,9,namesilo,,,27/09/2026 06:51
938b3341-2de0-455c-ba3f-f193a05802a2,patented.moe,available,13.99,13.99,high,low,8,namesilo,,,08/09/2026 10:24
31862f72-cad0-47d5-bfd5-5d40105491c9,drapes.moe,available,14.98,17.88,high,low,6,namecheap,,,17/09/2026 07:49
c89bba44-73a0-4634-b957-97b7fffd9e11,assignee.moe,available,13.99,13.99,medium,low,8,namesilo,,,20/09/2026 16:23
a6431f2d-e448-4192-9f99-515cbb7fa537,percipient.moe,available,13.99,13.99,high,low,10,namesilo,,,08/09/2026 16:17
06c7c40d-5688-482b-9769-9a9381246d10,naseby.moe,available,13.99,13.99,medium,low,6,namesilo,,,22/09/2026 15:31
342a7343-6b50-424a-b84c-0769abb9ffc1,barter.moe,available,13.99,13.99,high,low,6,namesilo,,,
359f6886-df13-4f58-b7f9-f34b3e327fa4,doors.moe,available,13.99,13.99,high,low,5,namesilo,,,25/09/2026 19:46
17f51277-ef0d-4448-b894-55fdb296cb8f,ballroom.moe,available,13.99,13.99,high,low,8,namesilo,,,
ccd8b172-edfb-4e66-8634-6723e1566d9a,talked.moe,available,14.98,17.88,high,low,6,namecheap,,,18/09/2026 13:42
6b027a48-cb8f-461f-b0af-d394bef38893,otoscope.moe,available,14.98,17.88,medium,low,8,namecheap,,,21/09/2026 04:28
ee844972-80d5-4312-bb22-a60b381e217b,bae.moe,available,13.99,13.99,high,low,3,namesilo,,,
e9e468ce-1a4a-452e-bcbc-fb06e9750706,becoming.moe,available,13.99,13.99,high,low,8,namesilo,,,09/08/2026 06:08
cf1b85e0-f9f9-466e-8e40-6f67e4a5f2c7,pinchbeck.moe,available,13.99,13.99,high,medium,9,namesilo,,,08/09/2026 19:43
96d7d05c-7eaf-468e-b50b-5220b1301294,reps.moe,available,14.98,17.88,high,low,4,namecheap,,,21/09/2026 08:18
0934185b-fb11-48a2-ac01-9d4bc1a37afc,pulmonary.moe,available,13.99,13.99,high,low,9,namesilo,,,09/09/2026 05:54
73472b34-53f7-426b-8ef0-eb187d00188a,bidder.moe,available,13.99,13.99,medium,low,6,namesilo,,,23/09/2026 13:43
4f2b36e4-c491-43df-ba6b-b128f9adddce,holidays.moe,premium,302.5,14.16,high,low,8,namesilo,,,20/09/2026 04:47
5a28a7a7-92ab-4df0-a026-bd7b12dfdd8e,nwo.moe,available,13.99,13.99,high,low,3,namesilo,,,
73818a23-12e1-4201-8b2d-690a072fbea4,peacock.moe,available,,,high,high,7,,,,
36371a08-497a-4451-b76b-f6ae805055c5,rages.moe,available,13.99,13.99,low,low,5,namesilo,,,20/09/2026 11:24
cf994aeb-d701-4a56-9a85-c3912eb0c6e3,sphincter.moe,available,13.99,13.99,medium,low,9,namesilo,,,19/09/2026 03:31
c68c2e51-c145-447f-b6d6-7bc22d5d9b21,sonorous.moe,available,13.99,13.99,high,low,8,namesilo,,,10/09/2026 14:13
0c340a81-8ecc-4cbb-b60d-d96b9363805c,chosen.moe,available,13.99,13.99,high,low,6,namesilo,,,16/08/2026 02:32
b77862f0-b067-458c-9b64-e298fa5022bc,derain.moe,available,13.99,13.99,medium,low,6,namesilo,,,19/09/2026 04:09
8dec6afc-6b51-4a67-aae1-2578d08863b2,kisses.moe,available,13.99,13.99,medium,low,6,namesilo,,,28/09/2026 04:53
efdd9e9c-e8c3-4ed8-8a87-571a9f797219,wrapped.moe,available,,,high,low,7,,,,
fdb66624-7303-4a71-8163-aaf186a83b75,roomie.moe,available,14.98,17.88,high,medium,6,namecheap,,,09/09/2026 18:35
fa3e4e0e-abb1-417f-8805-5929d7a1340d,anoa.moe,available,13.99,13.99,medium,low,4,namesilo,,,19/09/2026 11:10
993dc16f-6b25-40b8-bbe9-2a1d7ac2065d,menu.moe,premium,104,15.6,high,low,4,namecheap,,,
cd780575-bb79-45ce-879c-90ad65c7071b,primeval.moe,available,13.99,13.99,high,low,8,namesilo,,,09/09/2026 02:02
b758416b-2161-43a2-83dd-8348f2e20a4b,luckless.moe,available,13.99,13.99,medium,low,8,namesilo,,,24/08/2026 10:59
f9010748-ffd1-4d04-a565-1455636ba366,glibly.moe,available,14.98,17.88,medium,low,6,namecheap,,,14/09/2026 21:34
e4e39e52-04a2-4534-8c55-933642772455,acinous.moe,available,13.99,13.99,medium,low,7,namesilo,,,
d5d943f1-4130-4374-99be-9d4ec9b2f29d,hesperian.moe,available,13.99,13.99,medium,low,9,namesilo,,,21/08/2026 07:27
902bafa0-7e7a-4281-9322-bccb9716fba7,nocent.moe,available,14.98,17.88,medium,low,6,namecheap,,,03/09/2026 18:02
7f6c9489-5124-4ab1-bbfc-54946e81364d,passe.moe,available,13.99,13.99,medium,low,5,namesilo,,,14/08/2026 01:17
44a2f89f-7599-4d24-88d9-c14e72842c6d,clxx.moe,available,13.99,13.99,medium,low,4,namesilo,,,
80b42007-804f-44bd-b0d5-db59d3aff12a,lightsome.moe,available,13.99,13.99,high,low,9,namesilo,,,10/08/2026 14:41
7ed54c68-b048-4b37-a5b8-ec37416cb463,heartfelt.moe,available,13.99,13.99,high,low,9,namesilo,,,27/09/2026 06:57
53a260a3-e6f2-49c7-99fd-e1896fa2c982,drippage.moe,available,13.99,13.99,medium,low,8,namesilo,,,14/09/2026 14:34
956912dc-91f5-48e9-b21b-36dcf0b8f633,servile.moe,available,13.99,13.99,medium,low,7,namesilo,,,10/09/2026 04:55
961ee9b2-26d7-4cee-b53a-c9e4502f990f,capitular.moe,available,14.98,17.88,medium,low,9,namecheap,,,11/08/2026 17:58
bc7baccd-f311-4420-b02a-77cf34fecabd,biaxial.moe,available,14.98,17.88,medium,low,7,namecheap,,,09/08/2026 18:44
5126862c-12b4-4ae9-95fc-3a2b14e445b5,mabel.moe,available,13.99,13.99,high,low,5,namesilo,,,25/09/2026 13:35
a80ffa23-2aa7-44eb-949d-334ac28169d2,rightist.moe,available,13.99,13.99,medium,low,8,namesilo,,,09/09/2026 17:31
9c30e643-4991-4e3c-854d-c379d0abb8c0,arcsec.moe,available,13.99,13.99,medium,low,6,namesilo,,,20/09/2026 01:25
92a6d103-6f5a-4c32-8a90-0af8ad0236c6,twinning.moe,available,13.99,13.99,high,low,8,namesilo,,,10/08/2026 04:17
f007b542-b469-4c53-bcf6-0584bc90bd12,ferine.moe,available,13.99,13.99,medium,low,6,namesilo,,,18/08/2026 01:16
ad08569b-64cd-4d6b-9284-5c0f9a4d27cd,taxable.moe,available,14.98,17.88,medium,low,7,namecheap,,,03/09/2026 19:07
9455d98b-d0e9-496f-a862-8bd17279d7a5,donnish.moe,available,13.99,13.99,low,low,7,namesilo,,,14/08/2026 15:53
a0c7f78c-2a8c-4d55-93ab-40cea521c3db,synovial.moe,available,13.99,13.99,medium,low,8,namesilo,,,11/09/2026 06:37
637b034d-dc85-4020-adc8-90414be6cf6f,oversize.moe,available,13.99,13.99,high,low,8,namesilo,,,04/09/2026 19:42
fac4f65c-5918-4899-8dff-21133c3d9113,already.moe,available,13.99,13.99,high,low,7,namesilo,,,
97c1c95b-ab70-4348-b074-001d7fab2856,bawbee.moe,available,13.99,13.99,medium,low,6,namesilo,,,22/09/2026 16:46
c1175580-03a8-4ad1-a0d5-ac158db44928,scrabble.moe,available,13.99,13.99,high,low,8,namesilo,,,24/09/2026 23:30
12ef396b-8cf3-430d-b07d-5f540de1d9e6,shooting.moe,available,13.06,13.06,high,low,8,dynadot,,,27/09/2026 21:17
dbd49f91-cd98-42de-b44c-3c513e23ed0d,lion.moe,available,13.99,13.99,high,low,4,namesilo,,,
4411daad-f456-48ca-b210-b0a3d8ccbeee,southerly.moe,available,13.99,13.99,high,medium,9,namesilo,,,10/09/2026 14:51
d56214ca-0bdf-4324-9572-30d959f6b96e,detectable.moe,available,13.99,13.99,high,low,10,namesilo,,,14/08/2026 04:42
106c19b1-b6ae-4a1a-b35f-ec89662aea4f,customary.moe,available,14.98,17.88,high,low,9,namecheap,,,27/09/2026 06:57
c7f24d09-7192-433f-a3cd-520ef31b1498,deformed.moe,available,13.99,13.99,medium,low,8,namesilo,,,13/08/2026 23:37
1fa934a4-6cca-4625-a72f-782fb8d238e9,muffled.moe,available,13.99,13.99,medium,low,7,namesilo,,,03/09/2026 10:26
66739e61-bfc3-4f72-900b-7be79b05d3f7,hallway.moe,available,13.99,13.99,high,low,7,namesilo,,,28/09/2026 05:56
da3e51ae-2939-4fab-aafe-90c5e4cee078,coiling.moe,available,13.99,13.99,medium,low,7,namesilo,,,12/08/2026 16:09
403b7964-5080-4047-b6e4-c8bbb63e5cf0,grungy.moe,available,13.99,13.99,low,low,6,namesilo,,,09/08/2026 09:36
56c5fe3c-29aa-471f-834c-1ea8a9ebbc5f,unreleased.moe,available,14.98,17.88,medium,low,10,namecheap,,,12/09/2026 18:08
fa06222b-92ba-49e0-815a-3f1083f17e1d,service.moe,premium,1596,14.16,high,medium,7,namesilo,,,19/09/2026 12:20
4d43487a-ef8f-42a2-9817-ac05eb1fa489,shouter.moe,available,13.99,13.99,medium,low,7,namesilo,,,22/09/2026 17:05
a80f66ba-3a3f-4129-a458-7065248bca7a,cataphatic.moe,available,14.98,17.88,medium,low,10,namecheap,,,11/08/2026 21:04
babb26cb-f23b-42f2-a81d-841a96f72c70,vexatious.moe,available,13.99,13.99,medium,low,9,namesilo,,,
a66a5afa-7d72-4087-a1f5-4de7464a2ea0,counselling.moe,available,13.99,13.99,high,low,11,namesilo,,,17/09/2026 12:13
64c0f120-8380-419c-95a2-2d21ff0681a9,lactic.moe,available,13.99,13.99,medium,low,6,namesilo,,,04/09/2026 08:23
7b897026-18a3-491c-ba97-ca6431598762,barterer.moe,available,13.99,13.99,medium,low,8,namesilo,,,22/09/2026 08:58
b423f47d-c17f-481f-b57d-5bffff4550ca,bandanna.moe,available,14.98,17.88,high,low,8,namecheap,,,22/09/2026 00:59
ee86edde-4fd7-4b2f-93b9-6bee3c96ee16,flying.moe,available,13.99,13.99,high,low,6,namesilo,,,24/09/2026 17:17
f4a76382-2925-4394-9901-b6b88e25bc23,gleaming.moe,available,13.99,13.99,high,low,8,namesilo,,,
c7c13eeb-6788-404e-a295-99233ec3b74d,wavell.moe,available,13.99,13.99,medium,low,6,namesilo,,,20/09/2026 02:03
d180b275-367e-46b1-aec6-764625d3a9e5,jail.moe,available,13.99,13.99,high,low,4,namesilo,,,27/09/2026 04:20
2a13171d-01b7-482f-81c4-c6afd648b88a,branched.moe,available,14.98,17.88,high,low,8,namecheap,,,09/08/2026 20:12
a64baa08-f077-4f67-a2f0-518c0a546814,campbell.moe,available,14.98,17.88,high,low,8,namecheap,,,24/09/2026 11:53
1ef9d39c-891d-426f-923c-9de1cbd7d76d,arpeggio.moe,available,13.99,13.99,high,low,8,namesilo,,,20/09/2026 08:37
d0c8ffbf-a927-4a90-a7d4-8bd5608b7e56,shaw.moe,available,13.99,13.99,high,low,4,namesilo,,,19/09/2026 09:59
77c53e9c-e681-4b34-b901-0a99924a1053,belisarius.moe,available,14.98,17.88,medium,low,10,namecheap,,,23/09/2026 05:17
b7862561-ff55-4060-815f-ab9029671b43,critical.moe,available,13.99,13.99,high,low,8,namesilo,,,24/09/2026 02:02
c1334203-0b1c-4382-a569-dedb9707fa4e,mating.moe,available,13.99,13.99,high,low,6,namesilo,,,28/09/2026 06:22
3fa24121-7766-475b-94f2-be327f001b1d,sympathetic.moe,premium,96,14.16,high,low,11,namesilo,,,
9c5bf7bb-95e9-4e09-a503-31b208ae3bb5,bradstreet.moe,available,13.99,13.99,medium,low,10,namesilo,,,19/09/2026 10:16
50b8c5da-f50a-4a08-b05e-321c97fc9223,convincing.moe,available,13.99,13.99,high,low,10,namesilo,,,23/09/2026 22:56
819d4cf6-6139-43ce-abe1-10bdaf782463,aversion.moe,available,13.99,13.99,medium,low,8,namesilo,,,19/09/2026 14:54
b60e3c76-9e65-4c77-aa79-09f67c1c6615,beanbag.moe,available,14.98,17.88,high,low,7,namecheap,,,22/09/2026 20:20
aefd9b51-b43b-490b-b3d1-659c2634131b,almanac.moe,available,13.99,13.99,high,low,7,namesilo,,,18/09/2026 12:28
cb5c5cd9-3ae5-44a5-b46a-4bf530306a73,venerating.moe,available,13.99,13.99,high,low,10,namesilo,,,09/09/2026 16:09
74146a95-94ed-486f-bc8c-735b83f6b9c3,review.moe,premium,650,15.6,high,medium,6,namecheap,,,
f731246e-1844-4a53-89e2-83babb683616,zombi.moe,available,13.99,13.99,medium,low,5,namesilo,,,21/09/2026 07:04
f2f438ad-c147-4df6-a641-010bfcfa53e8,exonerated.moe,available,13.99,13.99,high,low,10,namesilo,,,
13d84407-41ef-4882-9967-9ea88bce5f73,troubled.moe,available,13.99,13.99,medium,low,8,namesilo,,,14/08/2026 12:23
8313c086-6ad9-49a1-ac51-4ce66b55f5a4,skinny.moe,premium,96,14.16,high,low,6,namesilo,,,12/08/2026 04:01
b6776723-6749-4859-830b-c6d3970cec28,later.moe,available,13.99,13.99,high,low,5,namesilo,,,21/09/2026 22:11
df0743ed-d645-49ec-ab9f-887c97a03a51,categorically.moe,available,13.99,13.99,medium,low,13,namesilo,,,
7c50048f-6e9a-4c4c-b9d0-2e8c01346f23,touchy.moe,available,13.99,13.99,medium,low,6,namesilo,,,21/08/2026 14:42
5e72ef6a-5638-4e20-b440-fdfd2d955fe5,sufi.moe,available,13.99,13.99,high,low,4,namesilo,,,11/09/2026 01:14
d8d97ac5-51cd-44c4-b024-92eaabe692be,hearty.moe,available,13.99,13.99,high,low,6,namesilo,,,21/08/2026 02:13
0d870dc4-a6df-403f-b2e9-70157f0aa46e,needless.moe,available,13.99,13.99,medium,low,8,namesilo,,,03/09/2026 14:55
98ac44e6-5180-41c7-ba7b-0b081a3ab616,topmost.moe,available,13.99,13.99,medium,low,7,namesilo,,,11/09/2026 17:46
ee06d2c7-59b6-4773-89b8-ef273feab9af,areca.moe,available,19.99,23.99,medium,low,5,name.com,,,20/09/2026 03:25
f6b6a10c-31fc-4a37-aaf9-48f1a06980fb,newbie.moe,available,14.98,17.88,high,low,6,namecheap,,,24/09/2026 19:51
d9dd7616-bf4e-48c9-8c7e-fdc2cc28e634,fijian.moe,available,13.99,13.99,high,low,6,namesilo,,,18/08/2026 04:02
b41740e1-5451-4bc1-b34a-4cafede13635,superlunar.moe,available,13.99,13.99,medium,low,10,namesilo,,,11/09/2026 02:21
877e8a7e-7c25-47c6-9d63-c20854645819,appalling.moe,available,13.99,13.99,medium,low,9,namesilo,,,06/08/2026 04:31
d86ca24e-021c-4fa2-97b9-5bfe6419e250,damaging.moe,available,19.99,23.99,medium,low,8,name.com,,,13/08/2026 16:05
c1bf4626-8b3c-46c7-9bf6-33d4a1936983,overcome.moe,available,13.99,13.99,high,low,8,namesilo,,,28/09/2026 05:30
16e09e05-7b10-46fa-9dd4-a378dab6d9af,apathetic.moe,available,13.99,13.99,medium,low,9,namesilo,,,05/08/2026 22:04
bc9b417f-d177-4fbf-bbd0-950477fa9d08,binet.moe,available,14.98,17.88,medium,low,5,namecheap,,,18/09/2026 06:25
75cb58bc-a55a-4596-b4d9-0f5ae8a7fc58,honestly.moe,available,13.99,13.99,high,low,8,namesilo,,,
deee834b-730e-4012-89ab-560f8a9ee777,ibanking.moe,available,13.99,13.99,medium,low,9,namesilo,,,20/09/2026 00:37
b8f88dc5-0363-4673-acff-2c448dc48f6e,appetiser.moe,available,14.98,17.88,medium,low,9,namecheap,,,19/09/2026 20:48
36940628-ec3e-4469-a308-d578b9b8d77b,treated.moe,available,13.99,13.99,high,low,7,namesilo,,,11/09/2026 10:52
fa83d4e1-1d8e-4a5a-9d4a-0b6bfbf02d77,tenfold.moe,available,13.99,13.99,high,low,7,namesilo,,,14/08/2026 01:44
9810aa51-384c-482c-9ed4-1571995b4eef,mannered.moe,available,13.99,13.99,medium,low,8,namesilo,,,24/08/2026 15:18
a70ea749-3612-4392-ad74-f3d1d2778b65,dyke.moe,available,13.99,13.99,medium,low,4,namesilo,,,11/08/2026 11:35
b15e51bd-36af-4270-9502-8519a5344032,sinning.moe,available,13.99,13.99,high,medium,7,namesilo,,,10/09/2026 08:31
92e1bca0-4453-490a-b3b0-b92332384d5b,workable.moe,available,13.99,13.99,high,low,8,namesilo,,,17/08/2026 16:53
66d76545-bab6-450e-b998-6a222e6dd4c9,penniless.moe,available,13.99,13.99,medium,low,9,namesilo,,,21/08/2026 00:34
ca9c1501-35db-424a-bf44-c59e81ce6f38,bifocal.moe,available,14.98,17.88,medium,low,7,namecheap,,,09/08/2026 20:03
413e8596-4673-4b1e-9606-f39bcffb1834,unveiled.moe,available,13.99,13.99,high,low,8,namesilo,,,12/09/2026 22:05
17366f19-aef7-42fe-bcf9-ba0802a9f4e1,adverb.moe,available,13.99,13.99,high,low,6,namesilo,,,17/09/2026 10:43
7f72adfd-aa51-4002-a31c-f83e9b4ba48a,arete.moe,available,13.99,13.99,high,low,5,namesilo,,,20/09/2026 04:03
21027cc5-1647-4b90-aea0-ffbce62de095,vocally.moe,available,14.98,17.88,medium,low,7,namecheap,,,16/09/2026 11:07
50ca1a8f-f61d-4f37-b01d-3bcb2a36edd8,recognise.moe,available,13.02,13.05,high,low,9,porkbun,,,28/09/2026 06:55
9c5b8b9e-907c-43f9-8f5c-3a8b9b1f055a,occurring.moe,available,13.99,13.99,high,low,9,namesilo,,,
ffba903a-c231-4180-83dc-0bfb272f3a0c,potassium.moe,available,13.99,13.99,high,low,9,namesilo,,,20/09/2026 22:30
717bf257-8f99-4416-a165-356b259ffc09,discomfort.moe,available,13.99,13.99,high,low,10,namesilo,,,
5363c366-192e-4495-acce-5b5267ce707f,sculpted.moe,available,14.98,17.88,high,low,8,namecheap,,,20/08/2026 18:50
7301607a-016c-40a7-970f-978420cd727c,matches.moe,available,19.99,23.99,high,low,7,name.com,,,18/09/2026 17:25
0050ec1b-a6f5-4429-91b5-8adf15e39e26,asheville.moe,available,13.99,13.99,high,low,9,namesilo,,,20/09/2026 13:49
896bf06a-7b81-415c-b4bc-5ef63a8c67d7,biped.moe,available,13.99,13.99,high,low,5,namesilo,,,10/08/2026 05:14
9457ef05-f3bc-4926-81e1-a09c529fd374,thermic.moe,available,13.99,13.99,medium,low,7,namesilo,,,11/08/2026 15:05
6916d512-8962-4828-a5d0-0d480661a1d4,jocund.moe,available,13.99,13.99,medium,low,6,namesilo,,,22/08/2026 13:40
c741a8dc-d6db-40b0-919b-762826fe63af,communally.moe,available,13.99,13.99,high,low,10,namesilo,,,14/09/2026 07:33
57cfd534-d8bf-4ee6-ae44-3c6b8e4a7794,arbutus.moe,available,13.99,13.99,medium,low,7,namesilo,,,20/09/2026 01:01
e6bbce59-0efe-4649-bc5f-7101da25047a,sidewalks.moe,available,13.99,13.99,medium,low,9,namesilo,,,21/09/2026 06:21
b5bbb39b-fdcc-48ef-8302-22e4002ecd16,relative.moe,premium,100,23.99,high,low,8,name.com,,,12/08/2026 21:33
d1da1434-5188-49ae-be75-c7958cd961a7,sundown.moe,available,13.99,13.99,high,low,7,namesilo,,,11/09/2026 02:12
bed37e84-4c45-4b17-ba81-d0528512a1fa,commercial.moe,available,14.98,17.88,high,low,10,namecheap,,,27/09/2026 02:31
1be586c1-c035-42fa-b5a5-d976ceebcb7e,alderman.moe,available,13.99,13.99,medium,low,8,namesilo,,,18/09/2026 04:34
9daf6959-000f-46fb-960f-c30d670fd13a,grandfathers.moe,available,14.98,17.88,medium,low,12,namecheap,,,20/09/2026 22:52
e89ec0f5-b97e-4013-8a86-d6138994fc4d,migrate.moe,available,13.99,13.99,high,low,7,namesilo,,,
4e5d84a3-a1b7-497e-8a36-76dc6643b7d2,conscience.moe,available,13.99,13.99,high,low,10,namesilo,,,
1930d414-deb2-40fa-8316-9e1650125c06,nobble.moe,available,13.99,13.99,medium,low,6,namesilo,,,14/09/2026 07:56
dd1ea670-b7a8-4377-b846-4067792f30e1,redress.moe,available,13.99,13.99,high,low,7,namesilo,,,09/09/2026 17:27
ab2498b4-56a7-4a87-8c99-1422f856aa15,mud.moe,premium,96,14.16,high,low,3,namesilo,,,25/09/2026 09:31
ef7f2124-1ed2-4930-b921-0997c68ba991,vacant.moe,available,13.99,13.99,medium,low,6,namesilo,,,13/09/2026 00:38
0c09c3a8-91ef-4091-8af9-5e3694c0bcf9,clothed.moe,available,13.99,13.99,high,low,7,namesilo,,,12/08/2026 09:12
714222b8-3d4f-4092-8d4c-df262f7740cb,tuesday.moe,premium,302.5,14.16,high,low,7,namesilo,,,
6a7d0f67-8f3d-41de-a851-910c8ac009f5,alight.moe,available,13.99,13.99,high,low,6,namesilo,,,
6c7c8370-fe96-47d2-8bcf-f2bf352203c2,potted.moe,available,13.99,13.99,high,medium,6,namesilo,,,09/09/2026 00:50
eaca1472-a6ef-4981-bb41-28bbed498176,sozzled.moe,available,13.99,13.99,low,low,7,namesilo,,,09/08/2026 16:23
ca3b6d55-aa2d-4916-aaa3-8f7527fa8369,phone.moe,available,13.99,13.99,high,low,5,namesilo,,,
e8a458f0-9683-4730-ad66-53dbb0553aaf,gimpy.moe,available,13.99,13.99,medium,low,5,namesilo,,,13/08/2026 07:05
5a9bdd94-3147-42c8-bb9f-4fd145e7abbf,cover.moe,available,13.99,13.99,high,low,5,namesilo,,,22/09/2026 21:52
62b95175-7ab0-4cea-b223-47984e8512de,nimiety.moe,available,13.99,13.99,medium,low,7,namesilo,,,17/08/2026 16:13
13cddea0-2ae9-457e-a608-dd51c6109412,converse.moe,available,13.99,13.99,high,high,8,namesilo,,,23/09/2026 22:49
bed1844e-e106-44af-94eb-bcbdba4d68f5,chartered.moe,available,13.99,13.99,high,low,9,namesilo,,,12/08/2026 02:47
68684f67-25d7-496a-aacc-6346c0d3472e,devoted.moe,available,13.99,13.99,high,low,7,namesilo,,,24/09/2026 08:04
3ea47bb6-4eae-4eca-8420-13f556ca1434,unaccented.moe,available,13.99,13.99,medium,low,10,namesilo,,,11/09/2026 23:32
b16d4f28-5363-4958-b125-7f5579868c33,perfidious.moe,available,13.99,13.99,medium,low,10,namesilo,,,08/09/2026 16:31
78af423d-5e41-4731-ae7b-4e294ec3b336,hilbert.moe,available,13.02,13.05,high,low,7,porkbun,,,28/09/2026 05:30
2877d0f5-a2b1-485d-bd42-e9ac0e8e50c7,assuage.moe,available,13.99,13.99,high,low,7,namesilo,,,18/08/2026 22:06
93f62a42-4dbb-49ef-b8a8-00cffd89702d,moulds.moe,available,13.99,13.99,medium,low,6,namesilo,,,20/09/2026 13:57
d8d27b77-6b1d-4fd5-9cf0-a066f06f1c47,realty.moe,premium,100,23.99,high,low,6,name.com,,,21/08/2026 21:24
e64f0020-dacc-43da-8166-10f35be9b1ea,peppery.moe,available,13.99,13.99,medium,low,7,namesilo,,,08/09/2026 15:37
d98c6c8b-6888-4576-af5b-7871144a9149,unsent.moe,available,14.98,17.88,medium,low,6,namecheap,,,12/09/2026 19:18
4037919f-e534-4bda-b628-39b67a30abb9,whap.moe,available,13.99,13.99,medium,low,4,namesilo,,,22/09/2026 10:30
52f59611-b53a-4689-88b5-acbca65e8024,uncurbed.moe,available,13.99,13.99,medium,low,8,namesilo,,,12/09/2026 04:34
15a573a6-730f-4efb-b321-6867aa345ae1,atonic.moe,available,13.99,13.99,low,low,6,namesilo,,,07/08/2026 13:54
79a33fcf-4d9e-4e8d-ba36-033bb979532e,fink.moe,available,13.99,13.99,high,medium,4,namesilo,,,11/08/2026 16:11
849791e4-3017-4f88-b02d-1fe547ff0710,synchronise.moe,available,13.99,13.99,high,low,11,namesilo,,,
e87a8ebc-4f39-445c-9cee-6af67fe7c7bf,acquisition.moe,available,14.98,17.88,high,low,11,namecheap,,,28/09/2026 05:29
1bb5c1d8-2cc0-4002-bc17-0732e3a301c5,copaiba.moe,available,13.99,13.99,medium,low,7,namesilo,,,22/09/2026 00:08
01fa8f40-1c8f-42d1-9b83-eebe0c697986,battlement.moe,available,13.99,13.99,medium,low,10,namesilo,,,22/09/2026 16:28
f76bd203-1893-46e7-8c70-f879b590f625,secretary.moe,available,14.98,17.88,high,low,9,namecheap,,,25/09/2026 22:37
6d377b0b-67af-46d0-a550-13e5d504554d,resonant.moe,available,13.99,13.99,high,low,8,namesilo,,,27/09/2026 06:57
936ab531-2f77-4b32-8242-557724196d76,polite.moe,available,13.99,13.99,high,low,6,namesilo,,,13/08/2026 10:21
951a8d16-238e-4fbd-be8a-146674cd120f,soups.moe,premium,96,14.16,medium,low,5,namesilo,,,19/09/2026 22:44
ca47a2b8-d27b-481e-ae25-fb58144fdcce,serb.moe,available,13.99,13.99,high,low,4,namesilo,,,10/09/2026 04:35
9d5f5825-d38d-4f8b-97d7-dd6014690a01,unanimous.moe,available,13.99,13.99,high,low,9,namesilo,,,12/08/2026 22:33
9d794dfe-a453-4fb6-a7b4-ea0825e6833b,anosmic.moe,available,13.99,13.99,medium,low,7,namesilo,,,
af1be12a-f927-48d9-9254-f0a28d1d8b49,attender.moe,available,13.99,13.99,medium,low,8,namesilo,,,07/08/2026 15:17
26807173-e345-473d-8812-8de901447245,easier.moe,available,13.99,13.99,high,low,6,namesilo,,,27/09/2026 09:58
e68863c1-a986-49de-83fb-79c8f2b3c26e,rising.moe,available,13.99,13.99,high,low,6,namesilo,,,
8db366bd-748e-46af-a56a-8aba0789e58a,affiant.moe,available,13.99,13.99,medium,low,7,namesilo,,,17/09/2026 14:22
cc18912b-c18c-4484-aad3-9bc067485c45,bustle.moe,available,13.99,13.99,high,low,6,namesilo,,,17/09/2026 09:10
25197793-3121-4de1-8b76-1ad2aae134af,crushing.moe,available,13.99,13.99,high,low,8,namesilo,,,13/08/2026 09:13
7c221aa6-94c2-4349-b2f5-697cdafdac08,lessons.moe,available,14.98,17.88,medium,low,7,namecheap,,,25/09/2026 19:53
47d1e7ac-3d44-4acb-9761-6470e4830078,wolfish.moe,available,13.99,13.99,medium,low,7,namesilo,,,15/08/2026 07:01
bde3ae1a-1a36-4d00-bae3-a0af601d9780,marlborough.moe,available,13.99,13.99,medium,low,11,namesilo,,,27/09/2026 01:35
92aa4326-51a1-4b46-917e-0dbecec01a57,crinkly.moe,available,13.99,13.99,medium,low,7,namesilo,,,13/08/2026 06:51
e4ebc200-4435-4162-b394-d94343ea1cd4,announcer.moe,available,13.99,13.99,high,low,9,namesilo,,,19/09/2026 10:49
d14d8440-b475-494c-9358-25e15e22f6b0,twin.moe,available,13.99,13.99,high,low,4,namesilo,,,
e99cf97b-eb11-4e71-9397-5c32eec6c852,liturgical.moe,available,13.99,13.99,medium,low,10,namesilo,,,24/08/2026 07:40
6a28a1bd-6914-46e4-96f2-423e83ede669,schoolwide.moe,available,13.99,13.99,high,low,10,namesilo,,,09/09/2026 23:18
ca43082d-57ea-4c54-9d78-fc86dbaa0165,wyrd.moe,available,13.99,13.99,medium,low,4,namesilo,,,13/09/2026 10:11
56a77be3-1372-4d4d-bfeb-76c024c2ed2f,testis.moe,available,14.98,17.88,medium,low,6,namecheap,,,21/09/2026 22:59
9625a4bd-2034-4057-8d44-fbd864e0ba30,zaire.moe,available,13.99,13.99,high,medium,5,namesilo,,,23/09/2026 04:58
a1350753-36bc-4f72-990a-eb84bb0cf440,quickest.moe,available,14.98,17.88,medium,low,8,namecheap,,,14/09/2026 17:48
6fc130a5-37c9-4a54-83ec-9dca900f2e72,druggist.moe,available,14.98,17.88,high,low,8,namecheap,,,19/09/2026 19:38
2f4f0b13-d6b6-4544-bc24-0d02147873fe,delusional.moe,available,13.99,13.99,medium,low,10,namesilo,,,14/08/2026 00:51
f8d585b7-2488-42fb-886c-69fe0381bf15,chartless.moe,available,13.99,13.99,medium,low,9,namesilo,,,12/08/2026 02:52
06b36fa3-47ee-46cd-a3d2-bb18cf4f1978,bagnio.moe,available,14.98,17.88,medium,low,6,namecheap,,,21/09/2026 18:19
25ac4ece-402b-407c-aa48-c3b315f84735,scientifically.moe,available,13.99,13.99,medium,low,14,namesilo,,,28/09/2026 07:41
2ae6e954-87c2-45e9-b5a3-cfd144681167,birder.moe,available,19.99,23.99,high,low,6,name.com,,,23/09/2026 20:38
64b5a39f-f87e-45bd-879e-0e8653634b91,gory.moe,available,13.99,13.99,medium,low,4,namesilo,,,10/08/2026 15:23
eafd3a63-b0d0-40dc-aeb8-fede46d20111,jet.moe,available,13.99,13.99,high,medium,3,namesilo,,,12/08/2026 13:39
8f2ada8b-8362-462b-b617-a7f92e18835f,photographer.moe,premium,96,14.16,high,low,12,namesilo,,,27/09/2026 06:12
aee89d36-69cf-4514-96c0-81badf5b2461,galling.moe,available,13.99,13.99,high,low,7,namesilo,,,
4dfcd384-b021-4b11-aa68-d7623a86b012,monotonous.moe,available,13.99,13.99,medium,low,10,namesilo,,,25/08/2026 05:30
917276e4-0cc3-41f4-9a7e-5843e3f1eb95,absorbance.moe,available,14.98,17.88,high,low,10,namecheap,,,16/09/2026 18:11
c70978cb-444a-4716-b993-68ea125ffe87,uncover.moe,available,13.99,13.99,high,low,7,namesilo,,,
1dadd42f-1f09-4d02-979e-57ce71a0922d,baluster.moe,available,14.98,17.88,medium,low,8,namecheap,,,22/09/2026 00:22
1cbc473f-a077-4c15-943a-cee0cc9a2a71,aromatic.moe,available,14.98,17.88,high,low,8,namecheap,,,22/09/2026 08:02
a25e2e28-298d-4efc-85ac-5680ac4bfde0,conducting.moe,available,13.99,13.99,high,low,10,namesilo,,,
654d865c-c846-40c9-af01-57d3c3a98bcf,flexibly.moe,available,14.98,17.88,medium,low,8,namecheap,,,14/09/2026 18:58
75681938-1f17-452c-9553-05c1bac2c755,calculated.moe,available,13.99,13.99,high,low,10,namesilo,,,11/08/2026 13:58
e91a75da-a504-40c1-969e-5a469ff791a7,purulent.moe,available,13.99,13.99,high,medium,8,namesilo,,,09/09/2026 06:30
c9af83c8-01a0-4195-9fbe-5c00b83b172e,haste.moe,available,13.99,13.99,high,low,5,namesilo,,,27/09/2026 17:08
4c0465ff-5477-4077-9797-903e36f3be7a,guiltless.moe,available,13.99,13.99,high,low,9,namesilo,,,12/08/2026 10:18
cd7e7166-af99-48a3-964f-ba0fa627143e,bremen.moe,available,13.99,13.99,high,low,6,namesilo,,,25/09/2026 21:59
3138a195-114e-4d97-a767-7d84fb99673a,oppose.moe,available,13.99,13.99,high,low,6,namesilo,,,
7b183ae5-d849-47d8-bfac-4333721c021c,tropical.moe,available,14.98,17.88,high,low,8,namecheap,,,11/09/2026 20:24
23a098f9-0f69-440a-bc03-c0e834cc2d06,bandana.moe,available,13.99,13.99,high,low,7,namesilo,,,22/09/2026 00:59
5c033916-b022-4aec-b747-19b28072ccde,plant.moe,available,13.99,13.99,high,low,5,namesilo,,,25/09/2026 07:48
4da73799-90df-48f7-9012-a5e29abbc945,quint.moe,available,13.99,13.99,medium,low,5,namesilo,,,
760f77bf-c0cb-4a38-a76a-6679fe8e3137,weirdo.moe,available,13.99,13.99,high,low,6,namesilo,,,13/08/2026 05:38
46e80915-848c-4706-aed7-e6014cbb5185,andantino.moe,available,13.99,13.99,medium,low,9,namesilo,,,
ea3db012-f5dd-4f65-a891-0f2ba34d6fea,jurassic.moe,available,13.99,13.99,high,low,8,namesilo,,,22/08/2026 14:38
789de29e-84b6-4955-bf8b-f50f8989bcf6,leg.moe,available,13.99,13.99,high,low,3,namesilo,,,
498fcd38-f5b8-4665-851b-e58bf83b766a,boone.moe,available,13.99,13.99,high,low,5,namesilo,,,25/09/2026 01:56
8f601d1b-8682-4abe-accc-fe2de9522d5f,blacksburg.moe,available,13.99,13.99,high,low,10,namesilo,,,24/09/2026 02:57
db339d6d-60bd-487a-9ab4-d889a05dd1eb,bonzer.moe,available,14.98,17.88,medium,low,6,namecheap,,,10/08/2026 19:02
aec26447-65c7-44da-b42c-a8645d654a8c,psa.moe,available,13.06,13.06,high,low,3,dynadot,,,28/09/2026 06:38
ea0bb861-f881-4277-b3aa-201bc6d05b1b,malay.moe,available,13.99,13.99,high,low,5,namesilo,,,24/08/2026 13:42
57911229-ce03-4e46-950c-687f53e76097,cornflower.moe,available,19.99,23.99,high,low,10,name.com,,,21/09/2026 14:08
592c97b3-2709-4c62-a5cb-10e1af0ed8d8,byzantine.moe,available,13.99,13.99,medium,low,9,namesilo,,,11/08/2026 12:12
1cb3b0b7-8f7f-4bba-a8c1-f53c1d030c2c,unmixed.moe,available,13.99,13.99,medium,low,7,namesilo,,,12/09/2026 06:02
78af6420-fba9-4157-b4a5-a71b0f439166,biff.moe,available,13.99,13.99,medium,low,4,namesilo,,,23/09/2026 13:51
f6d34c3c-4b29-495b-b12c-393ad0a8573a,detect.moe,available,13.99,13.99,high,low,6,namesilo,,,28/09/2026 06:30
a6d148ab-509a-4de0-8458-49a6122bfb97,prodromal.moe,available,13.99,13.99,medium,low,9,namesilo,,,09/09/2026 02:44
22990714-6007-4899-9c7b-6da296ed1583,brazen.moe,available,13.99,13.99,high,low,6,namesilo,,,11/08/2026 02:54
d060f231-3714-46c3-8cd0-ab033678acc1,excited.moe,available,13.99,13.99,high,low,7,namesilo,,,24/09/2026 15:55
c368e1ba-9174-401b-9246-f480faec3cff,temperate.moe,available,13.99,13.99,high,low,9,namesilo,,,11/09/2026 10:48
147cda98-95d5-475e-a1e2-34ec2bb8d99b,seasonable.moe,available,13.99,13.99,medium,low,10,namesilo,,,10/09/2026 00:56
177059c8-70ea-4669-8195-0a5aa3110874,tardy.moe,available,13.99,13.99,medium,low,5,namesilo,,,09/08/2026 12:42
f76db804-8d79-4304-9695-3e6e4c38acf4,vomit.moe,available,13.99,13.99,high,medium,5,namesilo,,,10/09/2026 07:32
7a7e9b99-e5e2-47ba-bd99-1e84cf6ef11c,consultive.moe,available,13.99,13.99,medium,low,10,namesilo,,,
e8078a08-695b-4608-81de-56c10369d0e7,lagos.moe,available,13.99,13.99,high,low,5,namesilo,,,27/09/2026 14:38
fdec651e-c0c2-485d-b042-3554faccc956,shona.moe,available,13.99,13.99,high,medium,5,namesilo,,,10/09/2026 06:44
7444d269-0f7d-4163-b6d4-70ffb92b7d33,whereby.moe,available,17.88,,medium,low,7,namecheap,,,
2cf73ece-e2d8-4b0a-a48e-230e614561b6,aleve.moe,available,13.99,13.99,medium,low,5,namesilo,,,17/09/2026 15:07
3cd5aaa6-cc46-45bc-9027-61553ac3af52,rattle.moe,available,14.98,17.88,high,low,6,namecheap,,,19/09/2026 15:18
3b0e7a10-ff7f-4747-b8e7-eb171ddccaac,feeler.moe,available,13.99,13.99,medium,low,6,namesilo,,,22/09/2026 04:48
cac9d705-7de3-484d-8d45-039b2141d1a8,spacecraft.moe,available,13.99,13.99,high,low,10,namesilo,,,21/09/2026 22:54
0d2e3d41-06f9-452b-a332-4e095cf341a7,enlivening.moe,available,13.99,13.99,medium,low,10,namesilo,,,
f72102fc-8dcc-44dd-9515-841b882a75b3,skyway.moe,available,13.99,13.99,high,low,6,namesilo,,,17/09/2026 22:32
de646671-be94-467b-8cdb-67e1b5675d33,leigh.moe,available,13.99,13.99,high,low,5,namesilo,,,25/09/2026 08:55
bfe702b9-3f88-4e5c-8d0a-379c72b44ac7,fodder.moe,available,13.99,13.99,medium,low,6,namesilo,,,24/09/2026 12:05
33abf6c7-14d1-4ab3-b00c-30fbc2fe3b2c,humanities.moe,available,13.99,13.99,high,low,10,namesilo,,,
e6bd5ef6-e4c6-46a9-a92f-c8aa7700f5a7,pediatrist.moe,available,13.99,13.99,medium,low,10,namesilo,,,21/09/2026 13:27
7be4b1c7-7aa7-400e-9020-4cc590cf58e9,aerology.moe,available,13.99,13.99,medium,low,8,namesilo,,,17/09/2026 13:08
38713fb2-f515-41f2-accc-4a1f37f864fd,mule.moe,available,13.99,13.99,high,low,4,namesilo,,,28/09/2026 06:56
f9a2761b-b88d-41a1-9713-1708b67e62b5,dislocated.moe,available,13.99,13.99,medium,low,10,namesilo,,,14/08/2026 11:31
59a6a25c-eaa9-4f26-a0a2-24dbeec9ca6c,kent.moe,available,13.99,13.99,high,low,4,namesilo,,,27/09/2026 14:35
09b84e11-108e-4460-874d-0bdd7f4e91c7,powdered.moe,available,13.99,13.99,medium,low,8,namesilo,,,19/09/2026 15:51
f7657f8c-0731-4074-8c2b-8039c6f13425,paternal.moe,available,13.99,13.99,high,low,8,namesilo,,,
c6ece4d1-e14f-4f8d-80dc-ec937f4ccf25,iso.moe,available,,,high,high,3,,,,
7bb74f2f-5f99-4a2f-b938-b706c0643c1b,complement.moe,available,13.99,13.99,high,low,10,namesilo,,,
bed49481-8c8d-4e3f-b076-3a8a456d8849,scout.moe,available,13.99,13.99,high,medium,5,namesilo,,,25/09/2026 09:06
f4bdef9c-4dac-46c8-a227-7ff11150ca36,turnbull.moe,available,13.99,13.99,medium,low,8,namesilo,,,28/09/2026 08:25
94d10ba1-7370-420c-a0ce-305b056ee77c,herbal.moe,premium,96,14.16,high,low,6,namesilo,,,21/08/2026 06:58
64cb706d-085c-41df-aa17-71949ca36c59,modelling.moe,available,17.88,,high,low,9,namecheap,,,
de441fd6-9bd8-47ea-919b-5e2cf93c8e6f,freelance.moe,premium,640,14.16,high,low,9,namesilo,,,27/09/2026 06:57
a5790d87-6c61-45ef-90ab-75f79c17ddee,aphis.moe,available,14.98,17.88,medium,low,5,namecheap,,,19/09/2026 17:05
3a5d433f-50dd-49d9-adcf-a334f4764d08,gastronome.moe,available,13.99,13.99,high,low,10,namesilo,,,17/08/2026 10:44
7f321a44-84c7-45e0-87a3-68ce148654a0,wooden.moe,available,13.99,13.99,high,low,6,namesilo,,,
61ecffa3-0e31-42d0-89e3-5cb782d23dc5,ombu.moe,available,13.99,13.99,medium,low,4,namesilo,,,23/09/2026 05:53
eaa28e81-9953-4727-afdd-0deda7f48b38,james.moe,available,13.99,13.99,high,medium,5,namesilo,,,
3269a12d-ea92-4137-953a-18235f43bfe3,genteel.moe,available,13.99,13.99,medium,low,7,namesilo,,,13/08/2026 10:19
5ab0b694-30c5-4b3a-a06e-9437321dd9ec,conflict.moe,available,14.98,17.88,high,low,8,namecheap,,,22/09/2026 14:40
e2b5a245-8687-4b7a-a034-94424f5d889d,meeting.moe,premium,96,14.16,high,low,7,namesilo,,,28/09/2026 07:59
f816fa8f-e0b9-481a-9633-c8e650963eec,ossiculate.moe,available,14.98,17.88,medium,low,10,namecheap,,,04/09/2026 18:24
2676c918-99e0-4dbd-8d45-e1efb09633fc,accused.moe,available,13.99,13.99,high,low,7,namesilo,,,
c9904f0e-a2ab-4846-8d99-b1b7a7551655,clementine.moe,available,13.99,13.99,high,low,10,namesilo,,,24/09/2026 15:33
5191e03e-2106-4bd8-9c8d-4e12eeb81ae2,thundery.moe,available,19.99,23.99,medium,low,8,name.com,,,13/08/2026 19:58
84c1610b-a813-42d9-9b3f-b68143f7431c,copular.moe,available,13.99,13.99,medium,low,7,namesilo,,,13/08/2026 00:38
8005d7ba-d417-442a-a43c-c19363fe77c9,boyish.moe,available,13.99,13.99,high,low,6,namesilo,,,11/08/2026 00:04
37e0ce74-4a0b-43a2-8ba9-27d2bf773eba,cunt.moe,available,13.99,13.99,high,high,4,namesilo,,,09/09/2026 06:37
789e17a1-3662-4b2c-8bb8-c67584896fe4,pitfall.moe,available,13.99,13.99,medium,low,7,namesilo,,,
143d83bb-02bd-4545-a817-2cb0f7db4bfd,lendable.moe,available,13.99,13.99,medium,low,8,namesilo,,,22/08/2026 23:35
d7011c1f-db24-4078-9ed4-026dd31a1130,shuha.moe,available,13.99,13.99,medium,low,5,namesilo,,,10/09/2026 07:04
f773cb34-853d-41a6-b343-a3ea3662ebb5,orbit.moe,premium,96,14.16,high,medium,5,namesilo,,,18/09/2026 16:49
2ed0c519-134e-4b40-a0f1-fa111679e699,ragweed.moe,available,13.99,13.99,medium,low,7,namesilo,,,23/09/2026 08:50
6f208dd8-738d-4b4c-98d8-29057bc9a4d4,speculate.moe,available,13.99,13.99,high,low,9,namesilo,,,
394d076e-0723-4355-8b52-25685dd6fb16,illness.moe,available,13.99,13.99,high,low,7,namesilo,,,
7c7ad90b-3144-4cd6-9e27-d46fb0d93b88,sheeplike.moe,available,13.99,13.99,high,medium,9,namesilo,,,10/09/2026 06:18
298e13c1-4e49-4aa3-ac64-1ca62a23dd21,victorian.moe,available,13.99,13.99,high,low,9,namesilo,,,27/09/2026 05:38
96dfb92e-54dd-42eb-904a-3ebf0a86b516,input.moe,available,13.99,13.99,high,low,5,namesilo,,,19/09/2026 11:49
b08ef95b-fcc6-423d-a44b-7abd6c9ea69d,fanned.moe,available,13.99,13.99,high,low,6,namesilo,,,17/08/2026 22:09
bf76a6c7-2945-48c9-addc-30c966f7a1d3,modeled.moe,available,13.99,13.99,medium,low,7,namesilo,,,25/08/2026 02:51
5e9482d1-8d75-419a-912c-d30d1d8da79d,endogamic.moe,available,13.99,13.99,medium,low,9,namesilo,,,17/08/2026 01:11
9ed19e88-cef6-4cc3-ab20-6bfbbadaff32,divers.moe,premium,96,14.16,high,low,6,namesilo,,,
87609574-fd01-4d71-8f2f-4cc1996deb53,shells.moe,available,14.98,17.88,medium,low,6,namecheap,,,19/09/2026 01:23
d5184f5b-14f9-440e-b7eb-af6c10fb1052,shopping.moe,premium,96,14.16,high,low,8,namesilo,,,
f6a02050-7db8-4a5b-b619-d9132d35dac3,wages.moe,available,13.99,13.99,high,low,5,namesilo,,,
d10b9f4d-9cc8-43d0-a1ec-a5d4b1bba7c1,thunder.moe,premium,275,13.06,high,low,7,dynadot,,,27/09/2026 15:41
716c08e0-8e45-48f0-977d-b2510f7afb84,vaccination.moe,available,13.99,13.99,high,low,11,namesilo,,,
fe90e404-2524-4cc2-81e2-d1bff52bd835,devotion.moe,available,13.99,13.99,high,low,8,namesilo,,,
21948a0f-af08-4506-8f16-71209b09605f,hollo.moe,available,14.98,17.88,high,low,5,namecheap,,,23/09/2026 06:22
de83dbae-5662-41aa-936a-84a03a7158cd,farthest.moe,available,13.99,13.99,medium,low,8,namesilo,,,24/09/2026 17:05
04dab222-6a27-4540-b4f8-f1643beba409,goshawk.moe,available,14.98,17.88,medium,low,7,namecheap,,,16/09/2026 22:31
471ea052-c622-4af6-8b22-4657c7d53838,lizard.moe,available,13.99,13.99,high,low,6,namesilo,,,
cb84ea21-a751-4b23-b014-032f3fb33675,smoothly.moe,available,13.99,13.99,high,low,8,namesilo,,,16/09/2026 02:56
0194abb0-38bb-49b2-af4c-13d09b127284,fears.moe,available,14.98,17.88,medium,low,5,namecheap,,,27/09/2026 08:58
378827db-82cf-4ec9-bb27-8d39ea12f5e8,nostril.moe,available,13.99,13.99,high,low,7,namesilo,,,19/09/2026 12:54
33d50444-ab85-4505-9eed-eb6b983f6ba3,suv.moe,available,13.99,13.99,high,low,3,namesilo,,,
7ca53634-f3fb-42d1-ba02-ea8824fbae63,clothe.moe,available,14.98,17.88,high,low,6,namecheap,,,19/09/2026 19:51
a6b28efd-2cb6-4f9a-ad43-d9c957536908,craftsman.moe,available,13.99,13.99,high,low,9,namesilo,,,20/09/2026 11:49
016b37dc-f126-4976-a7f6-472738e3169d,hannah.moe,premium,104,15.6,high,low,6,namecheap,,,25/09/2026 11:24
3182df2f-354a-4eea-9f03-4dbb85555a77,checkers.moe,available,13.99,13.99,high,low,8,namesilo,,,24/09/2026 13:59
2fd000b8-063f-41d0-9d22-3461aa6ee0f0,ankus.moe,available,13.99,13.99,medium,low,5,namesilo,,,19/09/2026 09:49
85767f49-fb05-4bab-b1da-48c8482d3652,contribution.moe,premium,96,14.16,high,low,12,namesilo,,,28/09/2026 04:30
95766179-fa11-4b2a-9d6f-88cdceddff98,combatant.moe,available,13.99,13.99,medium,low,9,namesilo,,,09/08/2026 13:29
b45a8839-ec4c-4a68-83d9-28e807e62a7b,frill.moe,available,13.99,13.99,high,low,5,namesilo,,,18/08/2026 23:46
b3dcab7f-a7e3-438e-a46d-e2463fd309a7,author.moe,premium,96,14.16,high,low,6,namesilo,,,21/09/2026 05:09
08052c6d-a5d2-4fd7-9b3d-7b8db3fb5653,incapable.moe,available,13.99,13.99,medium,low,9,namesilo,,,22/08/2026 00:49
946d682f-b49e-40a4-8177-370bce3353a5,cissy.moe,available,13.99,13.99,medium,low,5,namesilo,,,12/08/2026 08:40
e5e5cba6-dde2-4778-a261-21baf7fbde1c,inflamed.moe,available,13.99,13.99,medium,low,8,namesilo,,,22/08/2026 04:27
4d56bf0d-ac82-4f08-9839-fb272f791ac0,emile.moe,available,13.99,13.99,medium,low,5,namesilo,,,27/09/2026 13:23
a1d8add2-1199-4e49-b32f-56834e88871e,vitiate.moe,available,13.99,13.99,medium,low,7,namesilo,,,13/08/2026 02:22
bd0be21f-79bb-405f-95fb-459ffb84946a,searching.moe,available,13.99,13.99,high,low,9,namesilo,,,25/09/2026 09:44
0fc6b516-59dc-4ebe-9dbe-19976717d85d,amenity.moe,available,14.98,17.88,high,low,7,namecheap,,,17/09/2026 19:17
6f72f34d-b52f-4906-8427-1a08c8518f9b,ashram.moe,available,13.99,13.99,high,low,6,namesilo,,,20/09/2026 13:58
05efd607-79c4-4cda-91cd-17aa819a94d8,canty.moe,available,13.99,13.99,medium,low,5,namesilo,,,11/08/2026 17:46
93de1e0c-e83a-40d4-8e26-0303b251cae2,wilcox.moe,available,13.99,13.99,medium,low,6,namesilo,,,27/09/2026 01:45
9ae301cf-5069-49b9-b0cd-8d132957ecb0,wheels.moe,available,13.99,13.99,high,low,6,namesilo,,,17/09/2026 12:21
b529cacc-9faa-4de7-a1ab-9cde2c68efaf,happiest.moe,available,13.99,13.99,medium,low,8,namesilo,,,18/09/2026 04:16
6cadf125-18a0-4a28-9f5a-a62391728937,thick.moe,available,13.99,13.99,high,low,5,namesilo,,,22/09/2026 22:11
419866de-2418-4b99-b8c7-25363e10d840,heading.moe,available,13.99,13.99,high,low,7,namesilo,,,25/09/2026 07:40
022821c2-8ccf-4d3e-a568-0a62ce2cda90,programmes.moe,available,13.99,13.99,medium,low,10,namesilo,,,20/09/2026 10:20
f94bf6a1-edf2-4a88-99ac-e0308030a616,phoenician.moe,available,14.98,17.88,high,low,10,namecheap,,,08/09/2026 19:00
12be33ad-e332-4c1a-b5f7-1fed9a4b9f9e,biretta.moe,available,13.99,13.99,medium,low,7,namesilo,,,23/09/2026 10:06
bb181345-fa7f-4bcc-ac8f-7af73f605cc1,ridden.moe,available,13.99,13.99,high,low,6,namesilo,,,
59a8d796-cbd6-4e62-b0a3-1e3180d42fd5,sterope.moe,available,13.99,13.99,low,low,7,namesilo,,,20/09/2026 17:14
d304a8ce-f9d4-4e88-b2f9-97f4dc4f021f,poignant.moe,available,13.99,13.99,high,low,8,namesilo,,,
41e48dd4-f87d-41a3-b528-1d2b24560c3f,placement.moe,available,13.99,13.99,high,low,9,namesilo,,,09/09/2026 00:08
3e08ba02-f57b-4127-956f-34f36c90cee7,prototypal.moe,available,13.99,13.99,medium,low,10,namesilo,,,06/08/2026 15:37
f32f5ceb-1ad9-4643-b320-16864337bf4a,deity.moe,available,14.98,17.88,high,low,5,namecheap,,,24/09/2026 21:23
c3497882-f64e-4a7b-8d42-4ec2867437ae,supposedly.moe,available,13.99,13.99,medium,low,10,namesilo,,,
fec1606b-713d-47ec-b71e-8634f5ebf2e0,whir.moe,available,13.99,13.99,medium,low,4,namesilo,,,13/09/2026 11:30
8177df09-d3c7-48b5-a4b5-4c4501d941b4,browser.moe,available,13.99,13.99,high,low,7,namesilo,,,
d1c28cfe-e747-4b63-b5bf-5e0ac0f21b04,sideway.moe,available,13.99,13.99,high,medium,7,namesilo,,,10/09/2026 07:47
757c65ad-791f-487a-864f-6609933b3cd3,extant.moe,available,14.98,17.88,medium,low,6,namecheap,,,17/08/2026 18:56
dbd52205-a559-42a1-90e4-4fd32bb91d0c,says.moe,available,13.99,13.99,medium,low,4,namesilo,,,
fdf54abe-7b49-48c0-bc45-8ea199d9598f,thereabout.moe,available,14.98,17.88,medium,low,10,namecheap,,,16/09/2026 08:39
03be372e-d132-4e03-bfdb-48017ece76cf,scripps.moe,available,13.99,13.99,high,low,7,namesilo,,,28/09/2026 05:34
764520f8-34aa-4700-8ac8-877fd7b23c22,cave.moe,available,14.98,17.88,high,low,4,namecheap,,,24/09/2026 13:21
a9757dad-7af4-4c6b-954b-99d617f81198,cinema.moe,premium,275,13.06,high,low,6,dynadot,,,28/09/2026 05:06
594d646d-a04b-48bf-94f1-5eba01eed418,ablution.moe,available,13.99,13.99,medium,low,8,namesilo,,,16/09/2026 16:14
4971a4e1-0b29-4235-b954-c398a468e06e,prima.moe,available,13.99,13.99,high,low,5,namesilo,,,09/09/2026 02:00
79f454ca-905e-45e7-a539-2fb6b97dee63,wondered.moe,available,13.99,13.99,high,low,8,namesilo,,,
594d58b4-ff5d-437a-b4cc-0207f8851c6d,papa.moe,available,13.99,13.99,high,low,4,namesilo,,,27/09/2026 04:37
967afa2c-b7a3-44db-bbd9-150f61b649c5,untrusty.moe,available,13.99,13.99,medium,low,8,namesilo,,,12/09/2026 21:46
0501e7e4-4558-428a-a7bf-ab25057a9661,reasons.moe,available,14.98,17.88,medium,low,7,namecheap,,,25/09/2026 20:13
f9201f79-d5e2-4315-99f1-bacfe5bd58cc,alienator.moe,available,13.99,13.99,medium,low,9,namesilo,,,18/09/2026 07:36
b68c1d88-e995-4aac-a209-b03271600f48,cyclical.moe,available,19.99,23.99,high,low,8,name.com,,,13/08/2026 13:34
0667a24a-3874-4d74-a6e2-53b4c1e383eb,aerialist.moe,available,19.99,23.99,medium,low,9,name.com,,,17/09/2026 12:50
21e9abf4-3073-456f-902c-33c22cfb38e6,voluminous.moe,available,13.99,13.99,medium,low,10,namesilo,,,13/08/2026 00:30
8408884e-137a-4e64-93a2-23e72134a3e7,rancor.moe,available,13.99,13.99,medium,low,6,namesilo,,,23/09/2026 23:05
f1bd4fa6-ce7b-4d3b-884e-12f5f8b10f79,sneering.moe,available,13.99,13.99,high,medium,8,namesilo,,,10/09/2026 12:32
0c40e1c3-b140-4850-ab7c-992899aa0086,murder.moe,available,13.99,13.99,medium,low,6,namesilo,,,26/09/2026 00:00
5d3cb503-da29-487c-a4e0-685e00b74b12,aesthetic.moe,available,14.98,17.88,high,low,9,namecheap,,,21/09/2026 21:10
cd2f23f4-d932-43a6-9af9-7425661992b5,laminal.moe,available,14.98,17.88,medium,low,7,namecheap,,,22/08/2026 19:09
92e11c4c-9fbd-4b1f-916e-6d968c3eac9e,verbal.moe,available,13.99,13.99,high,low,6,namesilo,,,
edb99c13-8dd0-40d5-81d1-e21a0eb4a3ef,cured.moe,available,13.99,13.99,high,low,5,namesilo,,,13/08/2026 01:35
48863e89-8ec1-43d5-9139-b68a36c5ad8e,global.moe,premium,1596,14.16,high,medium,6,namesilo,,,22/09/2026 16:32
c6a15eaf-1626-4ee3-a4d5-dee7cf1ad04a,strips.moe,available,13.99,13.99,medium,low,6,namesilo,,,20/09/2026 02:09
e49621e3-2660-4fde-8ded-e27b1558d0a5,spinoza.moe,available,14.98,17.88,high,low,7,namecheap,,,22/09/2026 09:34
540acd9a-c5df-4646-8da2-8ea6f245eeee,apolune.moe,available,14.98,17.88,medium,low,7,namecheap,,,19/09/2026 18:55
f5bbda5f-9b40-4722-b426-7d20b9377fc1,weapons.moe,available,13.99,13.99,medium,low,7,namesilo,,,25/09/2026 17:10
e85973f0-60c5-4ff5-9aec-9ef4c21109e2,solferino.moe,available,13.99,13.99,medium,low,9,namesilo,,,22/09/2026 15:59
664226dc-40da-41f9-be26-da08b392bbff,conjoined.moe,available,13.99,13.99,medium,low,9,namesilo,,,12/08/2026 22:03
59fbf24f-a351-4ff2-afaa-65da5cf28865,nmr.moe,available,13.99,13.99,high,low,3,namesilo,,,28/09/2026 06:29
8df858f9-760e-48ee-87e9-d9881064a54b,positivist.moe,available,13.99,13.99,medium,low,10,namesilo,,,09/09/2026 00:12
677b46ae-bde2-47f8-ab5e-d6e365bdb3fa,assaulter.moe,available,13.99,13.99,medium,low,9,namesilo,,,17/09/2026 17:42
02fa1108-5faa-43ad-8203-6a2f3a3c867a,allometry.moe,available,14.98,17.88,medium,low,9,namecheap,,,18/09/2026 11:57
c7951dfe-87e7-4ae8-b2ee-95410af9c6a9,hello.moe,premium,3588,14.16,high,high,5,namesilo,,,27/09/2026 04:43
19c53d78-007a-40df-9de1-fe48e6db777a,browne.moe,available,13.99,13.99,high,low,6,namesilo,,,20/09/2026 10:27
b3c2b865-0b24-43c8-9515-ff7f50af12c4,barm.moe,available,13.99,13.99,medium,low,4,namesilo,,,22/09/2026 06:34
a879f95c-1377-4faf-801c-d1636568bfbb,livingstone.moe,available,13.06,13.06,high,low,11,dynadot,,,28/09/2026 04:32
f951425d-45c6-4d5b-b700-6bb5115d1513,sanchez.moe,available,13.99,13.99,high,low,7,namesilo,,,19/09/2026 04:36
5fc93a7f-d06b-4c2a-9198-2db078990a1d,bacchante.moe,available,14.98,17.88,medium,low,9,namecheap,,,21/09/2026 13:59
84dbf134-3897-4068-bb14-cb797acae5bc,topic.moe,available,24.99,24.99,high,low,5,godaddy,,,28/09/2026 01:44
6cf39413-ee6b-4151-9b4e-abd113e0e848,rant.moe,available,13.99,13.99,high,low,4,namesilo,,,24/09/2026 03:37
d9becdbf-cf19-45e2-8c6a-1b6eb8426866,aton.moe,available,14.98,17.88,medium,low,4,namecheap,,,20/09/2026 20:06
f253f4c0-1b3f-47d2-88ec-bf89cb7dcf86,morris.moe,available,13.99,13.99,high,low,6,namesilo,,,25/09/2026 05:42
9d4c71d8-8411-4911-b951-c67391106d98,courtly.moe,available,13.99,13.99,high,low,7,namesilo,,,13/08/2026 03:50
6430396b-6c0b-4fec-b67b-4999faadd7aa,flattened.moe,available,13.99,13.99,medium,low,9,namesilo,,,18/08/2026 06:55
edd920e4-d567-4ff9-bb8d-321304a84ddf,gratuitous.moe,available,13.99,13.99,medium,low,10,namesilo,,,13/08/2026 03:14
cd0faa28-e056-409f-b7d8-a7a59af29fdc,contents.moe,available,13.99,13.99,high,low,8,namesilo,,,
7316917a-e854-48dc-87df-c0cd7b62913a,clinquant.moe,available,13.99,13.99,medium,low,9,namesilo,,,12/08/2026 11:08
5b36fc95-5a3e-4fdb-b908-18e5978fb227,houghton.moe,available,19.99,23.99,medium,low,8,name.com,,,25/09/2026 23:07
582f6cde-c354-434a-bdcb-a17f19952f34,ballet.moe,available,13.99,13.99,high,low,6,namesilo,,,21/09/2026 22:51
f482eb2b-1ddb-4351-97e6-4bfa5e18c745,blowzy.moe,available,13.99,13.99,low,low,6,namesilo,,,10/08/2026 15:41
07bd7bce-a4c1-4dc0-a259-eac7bb401dab,differently.moe,available,13.99,13.99,medium,low,11,namesilo,,,26/09/2026 03:11
2dfdc8df-c62c-4600-8a73-36e841946121,trollope.moe,available,13.99,13.99,medium,low,8,namesilo,,,19/09/2026 13:43
e49a36c9-37ba-4363-81c9-b813499bf387,bleak.moe,available,13.99,13.99,medium,low,5,namesilo,,,08/08/2026 21:02
91b2d7f9-eeca-4b45-8a53-c8ee67159cd8,federate.moe,available,13.99,13.99,high,low,8,namesilo,,,18/08/2026 00:36
a9a5ee4d-2b9d-4399-9d6c-2dfcd0c063a2,tyke.moe,available,13.99,13.99,medium,low,4,namesilo,,,25/08/2026 00:14
e4249820-b451-461c-8d1a-7e1d184fec2c,mystical.moe,available,13.99,13.99,high,low,8,namesilo,,,03/09/2026 12:24
59270410-16cd-419b-b737-b04cf88038bf,crusader.moe,available,13.99,13.99,high,medium,8,namesilo,,,09/09/2026 12:45
2c970736-35cb-4a9d-8b5e-fca508a7ec6c,taleteller.moe,available,13.99,13.99,medium,low,10,namesilo,,,11/09/2026 10:32
2bf14eaa-5095-43fe-8127-779e431cb971,nurses.moe,premium,302.5,14.16,medium,low,6,namesilo,,,28/09/2026 08:12
ffc9a8d1-b86c-41d6-9df9-2fdbaff932f8,antithesis.moe,available,13.99,13.99,medium,low,10,namesilo,,,19/09/2026 15:11
95223254-5e58-464e-9e19-c228aa68fec2,corsair.moe,available,13.99,13.99,high,low,7,namesilo,,,22/09/2026 04:33
4da309b2-b54e-4b32-b377-ae8e24bd012a,cruciform.moe,available,13.99,13.99,medium,low,9,namesilo,,,13/08/2026 08:42
6983d3cb-30e4-404e-a28c-9330308013c0,luke.moe,premium,96,14.16,high,low,4,namesilo,,,25/09/2026 06:37
22e47929-57bf-47e9-99e7-ba7cd491d38d,hamburger.moe,premium,302.5,14.16,high,low,9,namesilo,,,
4cfc04d8-ab6c-479a-b3c9-c2919543483d,untangled.moe,available,14.98,17.88,medium,low,9,namecheap,,,12/09/2026 20:57
3496a183-6545-48b6-a497-64c25f62d1bf,rollins.moe,available,13.99,13.99,high,low,7,namesilo,,,27/09/2026 08:03
d6e76296-7b57-4d9e-844e-7c49fe8d2dff,deprave.moe,available,13.99,13.99,medium,low,7,namesilo,,,13/08/2026 02:24
a4ebf131-f6f1-44c3-8edf-8223638e6830,toothcare.moe,available,17.88,,medium,low,9,namecheap,,,
d2deb073-eba0-4d06-942e-89dd898d901f,earthling.moe,available,13.99,13.99,high,low,9,namesilo,,,11/09/2026 10:43
b6981d96-92c4-49c7-87d2-332e5e59ff1c,gari.moe,available,13.99,13.99,high,low,4,namesilo,,,23/09/2026 22:55
91c3133d-b8fb-4f3c-8ec3-b09cd9c0c26c,orangutan.moe,available,13.99,13.99,high,low,9,namesilo,,,
640b6b2c-efb6-4f17-a8f1-70ac9fd7cc83,themself.moe,available,13.99,13.99,medium,low,8,namesilo,,,
12e362d0-0f86-46f3-b948-1db19776eba9,chambers.moe,available,13.99,13.99,high,low,8,namesilo,,,08/09/2026 06:47
cfce4a0e-5248-42c9-9fc7-7a43190a6edb,afghan.moe,available,13.99,13.99,high,low,6,namesilo,,,
2ae69a87-ecf2-48be-9c9b-513c06554ece,prelate.moe,available,13.99,13.99,medium,low,7,namesilo,,,20/09/2026 02:36
8a24ea58-e704-45e3-bbca-d3fc3cfd6892,acarpous.moe,available,13.99,13.99,medium,low,8,namesilo,,,
59ffb8a1-2eaf-4fef-807a-c00dc9093a33,academia.moe,available,14.98,17.88,high,low,8,namecheap,,,23/09/2026 20:23
947a91cd-ff52-403a-932e-68ba8bbe5823,ridge.moe,available,13.99,13.99,high,low,5,namesilo,,,28/09/2026 03:01
dc5fd4c1-18f9-42c7-9d23-34bbfff1d329,adaptive.moe,available,13.99,13.99,high,low,8,namesilo,,,21/09/2026 16:55
27fdc8cd-610d-4971-92f4-ca249c5bac6d,deceitful.moe,available,14.98,17.88,medium,low,9,namecheap,,,13/08/2026 21:06
17ebf970-d714-4eda-b9a2-bf105224ae8a,canny.moe,available,13.99,13.99,medium,low,5,namesilo,,,11/08/2026 13:23
a717c796-c870-43cf-81ec-46f1f58993dc,banzai.moe,available,13.99,13.99,high,low,6,namesilo,,,22/09/2026 03:19
268d34f5-287e-4467-b63e-99f68cbdaa19,proportion.moe,available,13.99,13.99,high,low,10,namesilo,,,
fff1e314-c1bf-4467-a3cc-c57be758ec63,armored.moe,available,13.99,13.99,high,low,7,namesilo,,,22/09/2026 08:00
a804d3bc-de16-4f05-892e-4a4fa022c928,sanction.moe,available,13.99,13.99,high,low,8,namesilo,,,03/09/2026 23:24
07ff963c-fdf4-4f1e-ab05-2de484df8de7,goodenough.moe,available,13.99,13.99,high,low,11,namesilo,,,
cdfb1591-5019-4374-b451-331fbfe3cf89,disuse.moe,available,13.99,13.99,medium,low,6,namesilo,,,24/09/2026 23:14
cb991b9a-85bf-42e6-8888-e0d2e3c0d208,yellowcake.moe,available,13.99,13.99,medium,low,11,namesilo,,,
6110d997-9c9f-483b-bfba-cf942b362fa6,bakshish.moe,available,14.98,17.88,medium,low,8,namecheap,,,21/09/2026 15:53
3eeb39f2-3e0f-43ca-ab77-a2bfff5d095e,aquitania.moe,available,13.99,13.99,medium,low,9,namesilo,,,19/09/2026 23:18
a6b905fe-9677-4707-8ffe-32b6a1731951,piano.moe,premium,96,14.16,high,low,5,namesilo,,,27/09/2026 03:41
f5d1b109-442f-4d98-95d3-6dd83e97d527,shakira.moe,available,13.99,13.99,high,low,7,namesilo,,,
11f003ef-e426-4286-8964-a15419e4de66,likable.moe,available,13.99,13.99,high,low,7,namesilo,,,23/08/2026 06:14
f378ab01-5f0a-40ef-96d8-f878051dc9d1,squeaking.moe,available,13.99,13.99,medium,low,9,namesilo,,,10/09/2026 00:03
a4ad8be4-2260-40d9-8b83-1d71395e32c7,blest.moe,available,13.99,13.99,medium,low,5,namesilo,,,10/08/2026 14:15
5c4a1534-6447-49a2-b7ba-1dffb43758c1,pla.moe,available,13.06,13.06,high,low,3,dynadot,,,27/09/2026 18:08
c3f3f13e-4b18-47b6-84c8-18c44f772f29,verified.moe,available,13.99,13.99,high,medium,8,namesilo,,,13/09/2026 02:25
8a444849-e497-4476-b1e3-48e6f03c8354,faker.moe,available,13.99,13.99,medium,low,5,namesilo,,,09/09/2026 05:01
531df174-46e3-4303-b258-28ed3aed1a5c,gloam.moe,available,13.99,13.99,medium,low,5,namesilo,,,11/09/2026 21:43
03b478a0-e3bd-4c6d-a7d2-da25523ddfa8,nervy.moe,available,13.99,13.99,medium,low,5,namesilo,,,11/08/2026 02:28
0cfbd89d-fa2a-441e-abde-7921f838fc46,syncope.moe,available,14.98,17.88,medium,low,7,namecheap,,,17/08/2026 21:05
3a1be833-87cb-4ff4-a8c5-9acc260c93f9,dividable.moe,available,13.99,13.99,medium,low,9,namesilo,,,14/08/2026 13:41
7e46ead6-91bf-40ea-b794-c528f984daf2,danish.moe,available,19.99,23.99,high,low,6,name.com,,,13/08/2026 17:19
0532dc70-6c1c-4c2f-9324-3f952781c0dc,runners.moe,available,13.99,13.99,high,low,7,namesilo,,,18/09/2026 06:01
62021dd5-afc3-4269-a94c-10abf759f642,daddy.moe,premium,650,15.6,high,low,5,namecheap,,,27/09/2026 04:35
2724ffa8-e22e-4e7e-be02-946ba78e2757,accolade.moe,available,13.99,13.99,high,low,8,namesilo,,,16/09/2026 22:45
1f81a91e-32f1-42cc-bec1-5389d18b9ba1,napkins.moe,available,13.99,13.99,medium,low,7,namesilo,,,21/09/2026 05:52
22e52856-5605-4709-ae33-234f46230fd6,filed.moe,available,13.99,13.99,medium,low,5,namesilo,,,
2f81879b-b834-40f7-b79d-07fcaa3e7efe,etched.moe,available,13.99,13.99,high,low,6,namesilo,,,17/08/2026 07:41
3a3fbe14-941c-4262-b46e-b1b04f0e1c1f,carob.moe,available,13.99,13.99,medium,low,5,namesilo,,,18/09/2026 06:50
c93ba36d-9b61-400d-b8a5-f6ac1c993446,rapt.moe,available,13.99,13.99,high,low,4,namesilo,,,14/08/2026 23:50
01155b9b-25fc-4010-b1a7-e2d32217a567,stochastic.moe,available,14.98,17.88,medium,low,10,namecheap,,,10/09/2026 20:50
f5a2d857-9d2d-4529-9be1-e2dddd0b15d7,gardner.moe,available,13.99,13.99,high,low,7,namesilo,,,25/09/2026 05:38
44db7efa-d85c-48fe-a9b9-da8c7d2a9d81,cleave.moe,available,13.99,13.99,medium,low,6,namesilo,,,24/09/2026 15:43
f9366d82-f3a1-473b-b395-3abd88d3181d,superable.moe,available,13.99,13.99,medium,low,9,namesilo,,,11/09/2026 02:14
4a3e7bb5-463e-44a0-85c5-0d22539a035f,toetoe.moe,available,13.99,13.99,medium,low,6,namesilo,,,20/09/2026 12:22
c35b0af3-6367-4ea8-8213-92cf931201af,identifier.moe,available,13.99,13.99,high,low,10,namesilo,,,
e905c104-59e4-4b38-9492-b0f2d9d03447,designer.moe,premium,96,14.16,high,low,8,namesilo,,,20/09/2026 02:12
edc3a2d2-596d-4a00-9fcf-b27764526388,heinrich.moe,available,13.99,13.99,high,low,8,namesilo,,,25/09/2026 21:51
93f5dce0-a2c8-4904-a8e4-3cfd0ad3ccb3,digging.moe,available,13.99,13.99,high,low,7,namesilo,,,27/09/2026 13:02
48a3e71e-4975-479e-9e7c-f5ccec1805f6,granted.moe,available,13.99,13.99,high,low,7,namesilo,,,24/09/2026 22:19
41be6545-82e9-4ea8-9b6f-36c66717faed,advertiser.moe,available,13.99,13.99,high,low,10,namesilo,,,17/09/2026 08:38
088161d7-dfb4-44b6-b769-0dd97bfe032d,fonts.moe,available,14.98,17.88,medium,low,5,namecheap,,,20/09/2026 22:56
5844f6cf-a73f-413b-810d-94ae5d723b76,successors.moe,available,13.99,13.99,medium,low,10,namesilo,,,20/09/2026 05:21
339d4858-ddbd-43bf-a219-c56790fc6b63,built.moe,available,13.99,13.99,high,low,5,namesilo,,,23/09/2026 10:20
7843f102-5a71-4ad0-923c-4b199bcbab5e,unified.moe,available,13.99,13.99,high,low,7,namesilo,,,28/09/2026 07:49
e9588d29-f845-4610-8f8b-61a4f2133817,lyrate.moe,available,13.99,13.99,medium,low,6,namesilo,,,24/08/2026 12:39
694b88de-ed62-4948-ab18-aabebf7aba7d,hahn.moe,available,13.99,13.99,high,low,4,namesilo,,,27/09/2026 04:20
9b490617-2a4b-4edb-acc8-8eb5458cd001,anu.moe,available,13.99,13.99,medium,low,3,namesilo,,,19/09/2026 15:50
4d9ec9a7-8ea0-44f8-8481-90b5cfd80de6,emeritus.moe,available,13.99,13.99,high,low,8,namesilo,,,16/08/2026 15:05
d81704c4-803d-4ffc-938f-55fd78ccf075,immerse.moe,available,14.98,17.88,high,low,7,namecheap,,,10/09/2026 19:49
00a58bb4-523c-4966-a528-bf8da3558221,trunk.moe,available,14.98,17.88,high,low,5,namecheap,,,21/09/2026 07:24
5abc78a2-f6d0-44f7-983c-67121fb03560,sse.moe,available,13.99,13.99,high,low,3,namesilo,,,16/09/2026 05:18
ae92b57d-9597-4f58-baa3-6088f39ff47f,cashed.moe,available,14.98,17.88,high,low,6,namecheap,,,11/08/2026 20:15
14a8f0c1-5ca1-4a77-9648-1e1d17b03890,corrupt.moe,available,14.98,17.88,high,low,7,namecheap,,,23/09/2026 23:53
ef87fb1d-077f-48c0-9b87-1792cecf9d52,morbid.moe,available,13.99,13.99,medium,low,6,namesilo,,,14/08/2026 10:10
28b65103-9cdf-4b12-85a6-61c05b47a847,dominate.moe,available,13.99,13.99,high,low,8,namesilo,,,16/09/2026 01:33
3892a4b2-8362-48ee-b91a-3fecd9443677,observe.moe,available,13.99,13.99,high,low,7,namesilo,,,25/09/2026 23:53
398e9ffb-f73d-4dd9-8d3f-c0581fad085f,gandhi.moe,available,13.99,13.99,high,low,6,namesilo,,,
722ddd85-29e7-4bf3-8110-236a819517e7,distaff.moe,available,13.99,13.99,medium,low,7,namesilo,,,14/08/2026 13:01
4ebc6c40-6ffc-4c9f-acd8-77cf4e1f7d25,vitreous.moe,available,13.99,13.99,medium,low,8,namesilo,,,13/09/2026 06:18
5c7627a4-8b18-414f-856c-47622af38ebb,bezique.moe,available,13.99,13.99,medium,low,7,namesilo,,,23/09/2026 12:24
dfd47e6f-e167-4927-aca9-8b96fff054f6,retina.moe,available,13.99,13.99,high,low,6,namesilo,,,
8d60d8c5-2620-4644-9592-20c22fef7a43,heavenly.moe,available,13.99,13.99,high,low,8,namesilo,,,11/08/2026 23:21
8c24d69b-a2d2-4dd7-8bc7-40da6e335cff,attachments.moe,available,13.99,13.99,medium,low,11,namesilo,,,21/09/2026 01:43
e2232b0d-9eb3-4bbf-9adc-4b32852de87b,mikhail.moe,available,13.99,13.99,medium,low,7,namesilo,,,26/09/2026 03:33
a7f361c9-ca30-42ef-909b-66a6cb642a66,droopy.moe,available,14.98,17.88,medium,low,6,namecheap,,,14/08/2026 19:43
037a2475-3cdb-4a27-9d85-88af55529f47,sensor.moe,available,13.99,13.99,high,low,6,namesilo,,,
f85987ac-5f59-4d65-91e4-9d0b5e0f71b8,undisciplined.moe,available,13.99,13.99,medium,low,13,namesilo,,,
b1f166cc-1736-4be1-8adf-170f592af6bd,anvers.moe,available,13.99,13.99,medium,low,6,namesilo,,,19/09/2026 15:49
b2fadba1-a411-41e4-8d63-e4a736dec95c,puffed.moe,available,13.99,13.99,high,low,6,namesilo,,,09/09/2026 05:37
e0677da8-dce1-4444-b41e-8ac1656e78c9,outlets.moe,premium,96,14.16,medium,low,7,namesilo,,,21/09/2026 06:33
bed03784-23ec-4621-8dbd-afb5995228ca,karachi.moe,available,14.98,17.88,high,low,7,namecheap,,,28/09/2026 02:13
8717d80c-605c-4d93-af53-43dcfb14374f,garlic.moe,premium,96,14.16,high,low,6,namesilo,,,
6e43e691-8738-476c-8c7e-fa5c7b068b1b,abroad.moe,available,13.99,13.99,high,low,6,namesilo,,,21/09/2026 14:31
48de386a-20bd-4c72-a55c-4a2e3f459090,glorified.moe,available,13.99,13.99,high,low,9,namesilo,,,11/08/2026 17:29
d5c87ed3-c330-49b8-8994-7788a0398737,double.moe,available,13.99,13.99,high,low,6,namesilo,,,24/09/2026 11:46
9e5b1f66-50d2-41b3-851d-1b960bb6c218,fitted.moe,available,13.99,13.99,high,low,6,namesilo,,,18/08/2026 05:47
6c9d7da2-4bfd-4f0a-8212-d4a0ae075281,valiantly.moe,available,13.99,13.99,medium,low,9,namesilo,,,16/09/2026 10:36
6b59ae1d-ee2d-4df8-b717-58ff4dced09c,debonair.moe,available,13.99,13.99,high,low,8,namesilo,,,12/08/2026 05:58
4124c643-b2ce-42a7-a493-d2bc64ab9071,audibility.moe,available,13.99,13.99,medium,low,10,namesilo,,,21/09/2026 02:52
b0d17bc7-f2e2-43ec-a35b-885e5f3eeac2,curiosity.moe,available,17.88,,high,low,9,namecheap,,,
cd173aac-81cf-4f00-a97e-7a35b47b944b,equipped.moe,available,13.99,13.99,high,low,8,namesilo,,,24/09/2026 14:45
478f505a-c9f4-4c33-b1fb-5d7f6dffd616,palmy.moe,available,14.98,17.88,medium,low,5,namecheap,,,10/08/2026 19:15
93916d76-a2ea-4335-8dd0-5831030a1760,provable.moe,available,13.99,13.99,high,low,8,namesilo,,,09/09/2026 04:24
fb8067cb-6b7e-474e-b566-2ef08e005761,magyar.moe,available,13.99,13.99,high,low,6,namesilo,,,21/08/2026 15:41
a9653b5a-9ecd-4e2e-baf4-1df994ab7b63,decisions.moe,available,14.98,17.88,medium,low,9,namecheap,,,25/09/2026 21:16
9d2061fd-144b-46a4-904c-31689ed227fa,encyclical.moe,available,13.99,13.99,medium,low,10,namesilo,,,17/08/2026 00:42
b5ac2719-502b-451f-bb7b-614478ef720b,comestible.moe,available,13.99,13.99,medium,low,10,namesilo,,,12/08/2026 18:45
7da5642c-4a23-4889-9c48-c82589d3b011,tie.moe,available,13.99,13.99,high,low,3,namesilo,,,25/09/2026 14:47
3f627df8-2772-4866-bbc1-ed65cd0115ce,paintings.moe,premium,302.5,14.16,high,low,9,namesilo,,,27/09/2026 03:04
a2747bb3-6f73-4d9b-897a-3b6f88c5e6b3,dude.moe,available,19.99,23.99,high,low,4,name.com,,,13/08/2026 17:07
48cc19ee-3666-4da0-bc0b-22aa49d98205,consortium.moe,available,13.99,13.99,high,low,10,namesilo,,,24/09/2026 17:29
e02bce10-8139-4af4-bdff-aa252d14bbd9,unhearing.moe,available,19.99,23.99,medium,low,9,name.com,,,13/08/2026 19:50
4f97385c-a5fc-4945-b23c-2fc3246e82c5,impellent.moe,available,13.99,13.99,medium,low,9,namesilo,,,21/08/2026 22:03
b68b13f9-3170-474d-ae07-f408bd5c5a24,museum.moe,premium,302.5,14.16,high,low,6,namesilo,,,25/09/2026 23:47
fea6ed34-ae35-4b21-b5ec-314d46e578bc,arariba.moe,available,14.98,17.88,medium,low,7,namecheap,,,20/09/2026 00:13
43109a86-0cea-4da2-813e-d7bdd375c635,reflections.moe,available,13.99,13.99,medium,low,11,namesilo,,,18/09/2026 07:20
4b95e723-72de-4c7f-ac34-2bc15fee889e,fifth.moe,available,13.99,13.99,high,low,5,namesilo,,,
c49df800-4619-43ed-8aaf-be32bb2be9ec,sponge.moe,available,13.99,13.99,high,low,6,namesilo,,,11/08/2026 09:32
9dd083f0-9c3f-45ac-83a2-f9709cb75aa7,mccall.moe,available,14.98,17.88,medium,low,6,namecheap,,,27/09/2026 21:08
1ab5680f-3588-40ae-a775-911dc9ee1323,unopen.moe,available,13.99,13.99,medium,low,6,namesilo,,,10/09/2026 07:06
3bf6ea28-8570-4e59-8fc4-3b8af24be342,packed.moe,available,13.99,13.99,high,low,6,namesilo,,,25/09/2026 11:42
22815634-0b51-497d-a3ed-b698e6e92be3,arabic.moe,available,13.99,13.99,high,low,6,namesilo,,,22/09/2026 07:33
1e61ac92-1fec-4b41-a62a-03cc299b98e2,account.moe,premium,302.5,14.16,high,low,7,namesilo,,,28/09/2026 06:17
5edafd7c-f300-49d3-8d79-76c002771603,bps.moe,available,13.99,13.99,high,low,3,namesilo,,,23/09/2026 22:46
77792248-4174-4cfe-9f79-70456ffc2f19,dusts.moe,available,13.99,13.99,low,low,5,namesilo,,,21/09/2026 01:44
46f7a507-8272-4acd-a881-fc49d52820f0,fizzing.moe,available,13.99,13.99,medium,low,7,namesilo,,,18/08/2026 06:02
bed30448-6864-4077-b576-b6beddb0529b,prosecutor.moe,available,13.99,13.99,high,low,10,namesilo,,,27/09/2026 05:05
d6a148fd-f41b-47df-a018-a1eb75b2e782,inductive.moe,available,13.99,13.99,medium,low,9,namesilo,,,22/08/2026 03:29
bf636225-d752-49d9-9439-2276c2e48a64,terminators.moe,available,13.99,13.99,low,low,11,namesilo,,,20/09/2026 12:06
4a8fe773-6ed4-44b5-912b-115c08c2f7e9,mutative.moe,available,13.99,13.99,medium,low,8,namesilo,,,03/09/2026 11:48
5edfe27a-03ef-43a1-bf8f-94a807a3f665,argosy.moe,available,13.99,13.99,medium,low,6,namesilo,,,20/09/2026 04:43
ed44acab-1be7-4e02-a546-f0e341776f6b,chartreuse.moe,available,13.99,13.99,medium,low,10,namesilo,,,12/08/2026 02:57
fdcb1c46-23b0-4742-bff1-9867854c1342,sums.moe,available,13.99,13.99,medium,low,4,namesilo,,,18/09/2026 07:08
b220ecfd-4c58-44e8-9ee6-2a60ba8e52e0,unuttered.moe,available,13.99,13.99,medium,low,9,namesilo,,,12/09/2026 09:47
393678a9-c935-4946-b1f0-24e73f914d23,ross.moe,available,13.99,13.99,high,low,4,namesilo,,,23/09/2026 11:35
b044ad35-956d-4c6c-b858-da9f52fc4719,twit.moe,available,13.99,13.99,medium,low,4,namesilo,,,11/09/2026 09:11
d586dae4-821d-49c1-8413-705bd188a522,blixen.moe,available,13.99,13.99,medium,low,6,namesilo,,,22/09/2026 07:24
627dd1c6-705a-4061-a296-46d6d622d638,hone.moe,available,13.99,13.99,high,low,4,namesilo,,,08/09/2026 16:29
58e71cf5-4b75-4c4e-a77a-ec74ffc98677,barouche.moe,available,14.98,17.88,medium,low,8,namecheap,,,22/09/2026 07:43
b0cd74a3-2ba9-452f-b08a-27f96f28c455,taipeh.moe,available,13.99,13.99,medium,low,6,namesilo,,,24/09/2026 12:26
e9276bae-cb2b-4842-b7c2-6cdbe50d9a95,unmarried.moe,available,13.99,13.99,medium,low,9,namesilo,,,12/09/2026 15:26
94df6054-10a1-4e5e-afcc-501612043b48,whim.moe,available,13.99,13.99,high,low,4,namesilo,,,24/09/2026 12:39
6068e844-d56c-4f29-9ce5-512710b0732c,retractile.moe,available,13.99,13.99,medium,low,10,namesilo,,,09/09/2026 15:42
9cbfd835-1efa-47d4-898c-ef0c490936c5,dissected.moe,available,13.99,13.99,medium,low,9,namesilo,,,12/08/2026 10:41
da11d9de-7349-4c36-8523-d747b3e9e32a,recognize.moe,available,13.99,13.99,high,low,9,namesilo,,,27/09/2026 02:43
0739d361-69ad-4984-a524-e29c5b938d88,dainty.moe,available,19.99,23.99,high,low,6,name.com,,,13/08/2026 15:40
8d16f7c6-daf2-49c2-bf75-3388b5cbc84b,amentia.moe,available,19.99,23.99,medium,low,7,name.com,,,18/09/2026 19:00
67c2bbb6-a6b0-4f62-9902-0b8e297ba599,exothermic.moe,available,13.99,13.99,medium,low,10,namesilo,,,17/08/2026 17:46
9b57504e-9bcf-4996-a911-2a32080a05ba,drifter.moe,available,13.99,13.99,medium,low,7,namesilo,,,13/09/2026 00:50
3a226082-ecda-4b05-938b-3a9435c39d6c,airstream.moe,available,13.99,13.99,high,low,9,namesilo,,,17/09/2026 23:23
800cb962-23c1-4835-a325-deb19910b914,chained.moe,available,13.99,13.99,medium,low,7,namesilo,,,12/08/2026 01:23
e6f51326-d653-42c6-b983-48eaeaefb5b1,patrol.moe,available,14.98,17.88,high,low,6,namecheap,,,25/09/2026 23:57
903d8ba8-538d-49bf-81fc-4248428c683b,unwoven.moe,available,13.99,13.99,medium,low,7,namesilo,,,12/09/2026 22:51
856bb633-12c4-4cf4-b2f5-c0a984974b96,dowdy.moe,available,13.99,13.99,medium,low,5,namesilo,,,14/08/2026 17:09
51c2fbff-a835-44b3-bbf7-9ae80773004b,sidewise.moe,available,13.99,13.99,high,medium,8,namesilo,,,10/09/2026 07:48
4a35f36a-8ebb-4c73-b5d2-a28e1ca43b24,majors.moe,available,13.99,13.99,high,low,6,namesilo,,,23/09/2026 14:46
21047b97-9702-4bb4-89e1-3777f38d51fa,riding.moe,available,13.99,13.99,high,low,6,namesilo,,,
e9a90285-1323-4eb7-9e7e-9f66a0b1da6b,meade.moe,available,14.98,17.88,high,low,5,namecheap,,,27/09/2026 04:12
c7817045-1ec1-44f8-a779-416014c67eb8,artistic.moe,available,13.99,13.99,high,low,8,namesilo,,,22/09/2026 09:09
4d2678ce-04e8-41d8-8c46-b1e9fc40b703,respite.moe,available,13.99,13.99,high,low,7,namesilo,,,16/09/2026 14:06
79bed917-3894-415c-a5d9-6c283b25b934,troop.moe,available,13.99,13.99,high,low,5,namesilo,,,28/09/2026 02:58
c55b26f0-c2ab-4462-91fd-a5468ff92a32,surviving.moe,available,13.99,13.99,high,low,9,namesilo,,,11/09/2026 04:49
27e71979-0ed2-4aad-a5c1-a8e7e471e727,heartleaf.moe,available,13.99,13.99,medium,low,9,namesilo,,,20/09/2026 12:53
81b6e065-de13-4571-87b9-6120a7d8ed19,dissolved.moe,available,13.99,13.99,medium,low,9,namesilo,,,14/08/2026 12:56
fcf8be12-efa7-46ff-8af2-6155f1eab279,whacky.moe,available,13.99,13.99,high,low,6,namesilo,,,06/08/2026 21:32
f5ed270b-e39f-44fa-b84f-442c5ed10af3,affirmer.moe,available,19.99,23.99,medium,low,8,name.com,,,17/09/2026 14:33
6d75ab0c-6708-4488-bdb0-c9f2bec4acba,extraordinary.moe,available,13.99,13.99,high,low,13,namesilo,,,
d32f4f57-b36f-46f3-be83-7153fe290e99,finis.moe,available,13.99,13.99,high,low,5,namesilo,,,12/08/2026 12:06
58149dae-b087-4fd8-b954-478945ef0c7e,gang.moe,available,13.99,13.99,high,low,4,namesilo,,,
2401b773-e2cf-46a9-b0d7-a4a1a48ebd31,maverick.moe,available,13.99,13.99,high,low,8,namesilo,,,24/08/2026 17:42
bc03c1d1-846d-4d1d-8a4f-c447708a217e,digitally.moe,available,13.99,13.99,high,low,9,namesilo,,,25/09/2026 04:06
a50948fd-c68d-4df7-b61e-2ec6667ed460,morton.moe,available,13.99,13.99,high,low,6,namesilo,,,25/09/2026 05:58
5c629afa-b48b-49a6-b357-2abeb7173570,roundness.moe,available,13.99,13.99,medium,low,9,namesilo,,,16/08/2026 12:39
cb4b0dd1-e915-48e4-ba9c-50d4e9518a38,carbonic.moe,available,13.99,13.99,medium,low,8,namesilo,,,11/08/2026 18:37
8a43cbdb-0d62-476e-848b-7f4df8f654ec,saloon.moe,available,13.99,13.99,high,low,6,namesilo,,,22/09/2026 03:40
26d58b74-e189-4784-a6a1-efce885faf7d,predatory.moe,available,13.99,13.99,medium,low,9,namesilo,,,24/08/2026 15:43
d811ef49-4173-4162-9286-ae57bd2e9cfd,aubergine.moe,available,14.98,17.88,high,low,9,namecheap,,,21/09/2026 02:33
c30e60a7-d5b5-4100-92ae-52749e590754,commentate.moe,available,13.99,13.99,high,low,10,namesilo,,,
57e1b7bc-cd7d-402d-a0bb-14dfe0f3f902,instyle.moe,available,13.99,13.99,high,low,8,namesilo,,,17/09/2026 05:05
4f6260c4-fb2d-41ae-85b1-5025784498ed,cystic.moe,available,19.99,23.99,medium,low,6,name.com,,,13/08/2026 14:36
697af8f8-3cbf-4446-83f1-c9532da3ca1a,advise.moe,available,13.99,13.99,high,low,6,namesilo,,,27/09/2026 03:36
a6eb1049-fb03-41c2-bee0-383cc4660b24,progressive.moe,available,14.98,17.88,high,low,11,namecheap,,,19/09/2026 14:06
899cff0d-42bf-49be-a0ec-a08d7e136cf5,threesome.moe,available,13.99,13.99,high,low,9,namesilo,,,
2e269abc-83ce-4910-bcf4-0660e0ad1733,oldish.moe,available,13.99,13.99,medium,low,6,namesilo,,,04/09/2026 02:04
b4fc8012-66d1-4d00-84ba-b30d9536e451,wino.moe,available,14.98,17.88,medium,low,4,namecheap,,,14/08/2026 20:26
9736fbf3-5ed9-417c-b877-af6301905de5,transitions.moe,available,13.99,13.99,medium,low,11,namesilo,,,
a429f656-4c6d-4ce9-a18e-732138503879,perks.moe,available,13.99,13.99,high,low,5,namesilo,,,20/09/2026 14:58
cf94f0ff-0cc6-4c97-bace-daf672c4552f,sprayer.moe,available,13.99,13.99,high,low,7,namesilo,,,21/09/2026 00:21
512a7901-f689-4310-b90d-67ef7e1bd531,delight.moe,available,13.99,13.99,high,low,7,namesilo,,,
3135993f-bc6c-44f1-93b4-67b38eb5262b,basketry.moe,available,13.99,13.99,medium,low,8,namesilo,,,22/09/2026 11:28
5d658d46-d4a4-47f0-aefc-51cc949899bc,hibernal.moe,available,13.99,13.99,medium,low,8,namesilo,,,11/08/2026 06:38
3e7230e0-dbf0-4e0e-89c7-db9fab8c31a5,hausen.moe,available,13.99,13.99,medium,low,6,namesilo,,,17/09/2026 01:50
68da60ef-371e-48d4-9b9b-ca940fea5a66,hopes.moe,available,14.98,17.88,medium,low,5,namecheap,,,25/09/2026 19:44
2a4aff66-c12a-4c27-a065-d28e474cad8a,trieste.moe,available,13.99,13.99,medium,low,7,namesilo,,,27/09/2026 18:38
2efc1711-90a2-43a2-8e83-62ce4c52766a,communal.moe,available,13.99,13.99,high,low,8,namesilo,,,23/09/2026 16:10
a581e218-73ba-4c5c-a372-e3c117fdd4fc,rudolph.moe,available,14.98,17.88,high,low,7,namecheap,,,25/09/2026 14:11
8d917235-781f-4d0e-9323-6fab194dbfd9,urges.moe,available,13.99,13.99,medium,low,5,namesilo,,,16/09/2026 09:15
cf7a92cf-d568-47ee-890c-e986609555df,yearlong.moe,available,13.99,13.99,medium,low,8,namesilo,,,13/09/2026 14:24
ae57fa56-f1a5-4c3d-b53b-1d1bcbb31821,resister.moe,available,13.99,13.99,medium,low,8,namesilo,,,17/09/2026 10:48
5007c245-97b9-4283-a61b-e5eed40a4a1d,striation.moe,available,13.99,13.99,medium,low,9,namesilo,,,22/09/2026 01:19
3f1120dc-3061-4aa4-9e76-54d5ced499d1,murray.moe,available,13.99,13.99,high,low,6,namesilo,,,25/09/2026 22:54
fa03f12b-1dc0-4afb-bec5-5b0beb6a2d23,motherly.moe,available,13.99,13.99,high,low,8,namesilo,,,25/08/2026 07:06